0.995441 0.997806 
0.995298 0.999815 
0.995156 0.999614 
0.995013 0.997204 
0.976779 0.981965 
0.976636 0.989766 
0.976494 0.995379 
0.976351 0.998792 
0.976209 0.999998 
0.976066 0.998993 
0.975924 0.995780 
0.975781 0.990367 
0.975639 0.982765 
0.957982 0.964529 
0.957840 0.975870 
0.957697 0.985054 
0.957555 0.992061 
0.957413 0.996875 
0.957270 0.999486 
0.957128 0.999888 
0.956986 0.998080 
0.956843 0.994066 
0.956701 0.987855 
0.956559 0.979460 
0.956416 0.968901 
0.939200 0.941386 
0.939058 0.956201 
0.938916 0.968901 
0.938774 0.979460 
0.938631 0.987855 
0.938489 0.994066 
0.938347 0.998080 
0.938205 0.999888 
0.938063 0.999486 
0.937920 0.996875 
0.937778 0.992061 
0.937636 0.985054 
0.937494 0.975870 
0.937352 0.964529 
0.937209 0.951057 
0.920298 0.930874 
0.920156 0.947016 
0.920014 0.961065 
0.919872 0.972990 
0.919730 0.982765 
0.919588 0.990367 
0.919446 0.995780 
0.919304 0.998993 
0.919162 0.999998 
0.919020 0.998792 
0.918878 0.995379 
0.918736 0.989766 
0.918594 0.981965 
0.918452 0.971995 
0.918310 0.959875 
0.918168 0.945634 
0.918026 0.929304 
0.901425 0.919528 
0.901283 0.936984 
0.901141 0.952369 
0.900999 0.965649 
0.900857 0.976794 
0.900716 0.985781 
0.900574 0.992589 
0.900432 0.997204 
0.900290 0.999614 
0.900149 0.999815 
0.900007 0.997806 
0.899865 0.993592 
0.899723 0.987182 
0.899582 0.978590 
0.899440 0.967835 
0.899298 0.954941 
0.899156 0.939936 
0.899015 0.922854 
0.898873 0.903732 
0.882728 0.886599 
0.882586 0.907359 
0.882445 0.926113 
0.882303 0.942820 
0.882162 0.957443 
0.882020 0.969950 
0.881879 0.980313 
0.881738 0.988510 
0.881596 0.994522 
0.881455 0.998336 
0.881313 0.999943 
0.881172 0.999340 
0.881030 0.996529 
0.880889 0.991514 
0.880747 0.984309 
0.880606 0.974928 
0.880464 0.963392 
0.880323 0.949727 
0.880181 0.933963 
0.880040 0.916134 
0.879899 0.896281 
0.863932 0.872365 
0.863790 0.894377 
0.863649 0.914413 
0.863508 0.932427 
0.863367 0.948380 
0.863226 0.962237 
0.863085 0.973968 
0.862944 0.983546 
0.862802 0.990950 
0.862661 0.996164 
0.862520 0.999176 
0.862379 0.999979 
0.862238 0.998573 
0.862097 0.994960 
0.861956 0.989147 
0.861815 0.981148 
0.861673 0.970981 
0.861532 0.958668 
0.861391 0.944236 
0.861250 0.927717 
0.861109 0.909147 
0.860968 0.888568 
0.860827 0.866025 
0.845184 0.857351 
0.845043 0.880596 
0.844903 0.901894 
0.844762 0.921199 
0.844621 0.938468 
0.844480 0.953663 
0.844340 0.966751 
0.844199 0.977701 
0.844058 0.986491 
0.843917 0.993100 
0.843777 0.997514 
0.843636 0.999724 
0.843495 0.999724 
0.843354 0.997514 
0.843214 0.993100 
0.843073 0.986491 
0.842932 0.977701 
0.842792 0.966751 
0.842651 0.953663 
0.842510 0.938468 
0.842370 0.921199 
0.842229 0.901894 
0.842088 0.880596 
0.841947 0.857351 
0.826492 0.841569 
0.826352 0.866025 
0.826212 0.888568 
0.826071 0.909147 
0.825931 0.927717 
0.825791 0.944236 
0.825650 0.958668 
0.825510 0.970981 
0.825370 0.981148 
0.825229 0.989147 
0.825089 0.994960 
0.824949 0.998573 
0.824809 0.999979 
0.824668 0.999176 
0.824528 0.996164 
0.824388 0.990950 
0.824248 0.983546 
0.824107 0.973968 
0.823967 0.962237 
0.823827 0.948380 
0.823687 0.932427 
0.823546 0.914413 
0.823406 0.894377 
0.823266 0.872365 
0.823126 0.848425 
0.807863 0.825033 
0.807723 0.850680 
0.807583 0.874447 
0.807443 0.896281 
0.807303 0.916134 
0.807163 0.933963 
0.807024 0.949727 
0.806884 0.963392 
0.806744 0.974928 
0.806604 0.984309 
0.806465 0.991514 
0.806325 0.996529 
0.806185 0.999340 
0.806045 0.999943 
0.805905 0.998336 
0.805766 0.994522 
0.805626 0.988510 
0.805486 0.980313 
0.805346 0.969950 
0.805207 0.957443 
0.805067 0.942820 
0.804927 0.926113 
0.804787 0.907359 
0.804648 0.886599 
0.804508 0.863880 
0.804368 0.839252 
0.804228 0.812769 
0.789302 0.807759 
0.789163 0.834573 
0.789023 0.859543 
0.788884 0.882613 
0.788745 0.903732 
0.788606 0.922854 
0.788466 0.939936 
0.788327 0.954941 
0.788188 0.967835 
0.788049 0.978590 
0.787909 0.987182 
0.787770 0.993592 
0.787631 0.997806 
0.787492 0.999815 
0.787352 0.999614 
0.787213 0.997204 
0.787074 0.992589 
0.786935 0.985781 
0.786796 0.976794 
0.786656 0.965649 
0.786517 0.952369 
0.786378 0.936984 
0.786239 0.919528 
0.786100 0.900040 
0.785960 0.878562 
0.785821 0.855143 
0.785682 0.829833 
0.785543 0.802690 
0.770817 0.789762 
0.770678 0.817719 
0.770540 0.843870 
0.770401 0.868155 
0.770262 0.890521 
0.770124 0.910919 
0.769985 0.929304 
0.769846 0.945634 
0.769708 0.959875 
0.769569 0.971995 
0.769430 0.981965 
0.769292 0.989766 
0.769153 0.995379 
0.769014 0.998792 
0.768876 0.999998 
0.768737 0.998993 
0.768599 0.995780 
0.768460 0.990367 
0.768321 0.982765 
0.768183 0.972990 
0.768044 0.961065 
0.767906 0.947016 
0.767767 0.930874 
0.767628 0.912674 
0.767490 0.892457 
0.767351 0.870268 
0.767213 0.846155 
0.767074 0.820172 
0.766936 0.792377 
0.752414 0.771058 
0.752276 0.800134 
0.752138 0.827441 
0.752000 0.852919 
0.751862 0.876513 
0.751724 0.898169 
0.751586 0.917839 
0.751448 0.935482 
0.751310 0.951057 
0.751172 0.964529 
0.751034 0.975870 
0.750896 0.985054 
0.750758 0.992061 
0.750620 0.996875 
0.750482 0.999486 
0.750344 0.999888 
0.750206 0.998080 
0.750068 0.994066 
0.749930 0.987855 
0.749792 0.979460 
0.749654 0.968901 
0.749517 0.956201 
0.749379 0.941386 
0.749241 0.924492 
0.749103 0.905554 
0.748965 0.884614 
0.748827 0.861720 
0.748689 0.836920 
0.748551 0.810271 
0.748413 0.781832 
0.748275 0.751664 
0.734100 0.751664 
0.733963 0.781832 
0.733826 0.810271 
0.733688 0.836920 
0.733551 0.861720 
0.733414 0.884614 
0.733277 0.905554 
0.733139 0.924492 
0.733002 0.941386 
0.732865 0.956201 
0.732727 0.968901 
0.732590 0.979460 
0.732453 0.987855 
0.732315 0.994066 
0.732178 0.998080 
0.732041 0.999888 
0.731904 0.999486 
0.731766 0.996875 
0.731629 0.992061 
0.731492 0.985054 
0.731355 0.975870 
0.731217 0.964529 
0.731080 0.951057 
0.730943 0.935482 
0.730806 0.917839 
0.730669 0.898169 
0.730531 0.876513 
0.730394 0.852919 
0.730257 0.827441 
0.730120 0.800134 
0.729983 0.771058 
0.729845 0.740278 
0.715882 0.731597 
0.715746 0.762830 
0.715609 0.792377 
0.715472 0.820172 
0.715336 0.846155 
0.715199 0.870268 
0.715063 0.892457 
0.714926 0.912674 
0.714790 0.930874 
0.714653 0.947016 
0.714516 0.961065 
0.714380 0.972990 
0.714243 0.982765 
0.714107 0.990367 
0.713970 0.995780 
0.713834 0.998993 
0.713697 0.999998 
0.713561 0.998792 
0.713424 0.995379 
0.713288 0.989766 
0.713151 0.981965 
0.713015 0.971995 
0.712878 0.959875 
0.712742 0.945634 
0.712605 0.929304 
0.712469 0.910919 
0.712332 0.890521 
0.712196 0.868155 
0.712060 0.843870 
0.711923 0.817719 
0.711787 0.789762 
0.711650 0.760059 
0.711514 0.728676 
0.697766 0.710875 
0.697630 0.743145 
0.697494 0.773773 
0.697359 0.802690 
0.697223 0.829833 
0.697087 0.855143 
0.696951 0.878562 
0.696815 0.900040 
0.696680 0.919528 
0.696544 0.936984 
0.696408 0.952369 
0.696272 0.965649 
0.696137 0.976794 
0.696001 0.985781 
0.695865 0.992589 
0.695729 0.997204 
0.695594 0.999614 
0.695458 0.999815 
0.695322 0.997806 
0.695187 0.993592 
0.695051 0.987182 
0.694915 0.978590 
0.694780 0.967835 
0.694644 0.954941 
0.694508 0.939936 
0.694373 0.922854 
0.694237 0.903732 
0.694101 0.882613 
0.693966 0.859543 
0.693830 0.834573 
0.693694 0.807759 
0.693559 0.779159 
0.693423 0.748838 
0.693287 0.716861 
0.679758 0.689516 
0.679623 0.722795 
0.679488 0.754476 
0.679353 0.784489 
0.679218 0.812769 
0.679083 0.839252 
0.678948 0.863880 
0.678814 0.886599 
0.678679 0.907359 
0.678544 0.926113 
0.678409 0.942820 
0.678274 0.957443 
0.678139 0.969950 
0.678004 0.980313 
0.677869 0.988510 
0.677734 0.994522 
0.677599 0.998336 
0.677465 0.999943 
0.677330 0.999340 
0.677195 0.996529 
0.677060 0.991514 
0.676925 0.984309 
0.676790 0.974928 
0.676656 0.963392 
0.676521 0.949727 
0.676386 0.933963 
0.676251 0.916134 
0.676116 0.896281 
0.675981 0.874447 
0.675847 0.850680 
0.675712 0.825033 
0.675577 0.797562 
0.675442 0.768329 
0.675308 0.737398 
0.675173 0.704836 
0.661865 0.667541 
0.661731 0.701798 
0.661597 0.734504 
0.661463 0.765586 
0.661329 0.794977 
0.661195 0.822610 
0.661061 0.848425 
0.660927 0.872365 
0.660793 0.894377 
0.660659 0.914413 
0.660525 0.932427 
0.660391 0.948380 
0.660257 0.962237 
0.660123 0.973968 
0.659989 0.983546 
0.659855 0.990950 
0.659721 0.996164 
0.659587 0.999176 
0.659453 0.999979 
0.659319 0.998573 
0.659185 0.994960 
0.659051 0.989147 
0.658917 0.981148 
0.658783 0.970981 
0.658649 0.958668 
0.658515 0.944236 
0.658382 0.927717 
0.658248 0.909147 
0.658114 0.888568 
0.657980 0.866025 
0.657846 0.841569 
0.657712 0.815252 
0.657578 0.787133 
0.657444 0.757274 
0.657311 0.725742 
0.657177 0.692606 
0.657043 0.657939 
0.644094 0.644968 
0.643961 0.680173 
0.643828 0.713874 
0.643695 0.745998 
0.643562 0.776473 
0.643428 0.805232 
0.643295 0.832211 
0.643162 0.857351 
0.643029 0.880596 
0.642896 0.901894 
0.642763 0.921199 
0.642630 0.938468 
0.642497 0.953663 
0.642364 0.966751 
0.642231 0.977701 
0.642098 0.986491 
0.641965 0.993100 
0.641832 0.997514 
0.641699 0.999724 
0.641566 0.999724 
0.641433 0.997514 
0.641300 0.993100 
0.641167 0.986491 
0.641034 0.977701 
0.640901 0.966751 
0.640768 0.953663 
0.640635 0.938468 
0.640502 0.921199 
0.640369 0.901894 
0.640236 0.880596 
0.640103 0.857351 
0.639970 0.832211 
0.639837 0.805232 
0.639704 0.776473 
0.639571 0.745998 
0.639438 0.713874 
0.639305 0.680173 
0.639173 0.644968 
0.626318 0.657939 
0.626186 0.692606 
0.626054 0.725742 
0.625922 0.757274 
0.625790 0.787133 
0.625658 0.815252 
0.625526 0.841569 
0.625393 0.866025 
0.625261 0.888568 
0.625129 0.909147 
0.624997 0.927717 
0.624865 0.944236 
0.624733 0.958668 
0.624601 0.970981 
0.624469 0.981148 
0.624337 0.989147 
0.624205 0.994960 
0.624073 0.998573 
0.623941 0.999979 
0.623809 0.999176 
0.623677 0.996164 
0.623545 0.990950 
0.623413 0.983546 
0.623281 0.973968 
0.623149 0.962237 
0.623017 0.948380 
0.622885 0.932427 
0.622753 0.914413 
0.622621 0.894377 
0.622489 0.872365 
0.622357 0.848425 
0.622225 0.822610 
0.622093 0.794977 
0.621961 0.765586 
0.621829 0.734504 
0.621698 0.701798 
0.621566 0.667541 
0.621434 0.631808 
0.608810 0.635116 
0.608679 0.670717 
0.608548 0.704836 
0.608417 0.737398 
0.608285 0.768329 
0.608154 0.797562 
0.608023 0.825033 
0.607892 0.850680 
0.607761 0.874447 
0.607630 0.896281 
0.607499 0.916134 
0.607368 0.933963 
0.607237 0.949727 
0.607106 0.963392 
0.606975 0.974928 
0.606844 0.984309 
0.606713 0.991514 
0.606582 0.996529 
0.606451 0.999340 
0.606320 0.999943 
0.606189 0.998336 
0.606058 0.994522 
0.605927 0.988510 
0.605796 0.980313 
0.605665 0.969950 
0.605534 0.957443 
0.605403 0.942820 
0.605273 0.926113 
0.605142 0.907359 
0.605011 0.886599 
0.604880 0.863880 
0.604749 0.839252 
0.604618 0.812769 
0.604487 0.784489 
0.604356 0.754476 
0.604226 0.722795 
0.604095 0.689516 
0.603964 0.654714 
0.603833 0.618464 
0.591442 0.611724 
0.591312 0.648228 
0.591182 0.683300 
0.591052 0.716861 
0.590922 0.748838 
0.590792 0.779159 
0.590662 0.807759 
0.590532 0.834573 
0.590402 0.859543 
0.590272 0.882613 
0.590142 0.903732 
0.590012 0.922854 
0.589882 0.939936 
0.589752 0.954941 
0.589622 0.967835 
0.589492 0.978590 
0.589362 0.987182 
0.589232 0.993592 
0.589103 0.997806 
0.588973 0.999815 
0.588843 0.999614 
0.588713 0.997204 
0.588583 0.992589 
0.588453 0.985781 
0.588323 0.976794 
0.588194 0.965649 
0.588064 0.952369 
0.587934 0.936984 
0.587804 0.919528 
0.587674 0.900040 
0.587544 0.878562 
0.587415 0.855143 
0.587285 0.829833 
0.587155 0.802690 
0.587025 0.773773 
0.586896 0.743145 
0.586766 0.710875 
0.586636 0.677033 
0.586506 0.641696 
0.586377 0.604940 
0.574221 0.587785 
0.574092 0.625159 
0.573963 0.661152 
0.573834 0.695683 
0.573705 0.728676 
0.573576 0.760059 
0.573447 0.789762 
0.573319 0.817719 
0.573190 0.843870 
0.573061 0.868155 
0.572932 0.890521 
0.572803 0.910919 
0.572674 0.929304 
0.572546 0.945634 
0.572417 0.959875 
0.572288 0.971995 
0.572159 0.981965 
0.572030 0.989766 
0.571902 0.995379 
0.571773 0.998792 
0.571644 0.999998 
0.571515 0.998993 
0.571387 0.995780 
0.571258 0.990367 
0.571129 0.982765 
0.571001 0.972990 
0.570872 0.961065 
0.570743 0.947016 
0.570614 0.930874 
0.570486 0.912674 
0.570357 0.892457 
0.570228 0.870268 
0.570100 0.846155 
0.569971 0.820172 
0.569843 0.792377 
0.569714 0.762830 
0.569585 0.731597 
0.569457 0.698747 
0.569328 0.664352 
0.569200 0.628490 
0.569071 0.591238 
0.557152 0.563320 
0.557025 0.601530 
0.556897 0.638411 
0.556769 0.673881 
0.556641 0.707862 
0.556514 0.740278 
0.556386 0.771058 
0.556258 0.800134 
0.556131 0.827441 
0.556003 0.852919 
0.555875 0.876513 
0.555748 0.898169 
0.555620 0.917839 
0.555492 0.935482 
0.555365 0.951057 
0.555237 0.964529 
0.555110 0.975870 
0.554982 0.985054 
0.554854 0.992061 
0.554727 0.996875 
0.554599 0.999486 
0.554472 0.999888 
0.554344 0.998080 
0.554217 0.994066 
0.554089 0.987855 
0.553962 0.979460 
0.553834 0.968901 
0.553707 0.956201 
0.553579 0.941386 
0.553452 0.924492 
0.553324 0.905554 
0.553197 0.884614 
0.553069 0.861720 
0.552942 0.836920 
0.552814 0.810271 
0.552687 0.781832 
0.552559 0.751664 
0.552432 0.719835 
0.552305 0.686414 
0.552177 0.651477 
0.552050 0.615100 
0.551922 0.577363 
0.540116 0.577363 
0.539990 0.615100 
0.539863 0.651477 
0.539737 0.686414 
0.539610 0.719835 
0.539484 0.751664 
0.539358 0.781832 
0.539231 0.810271 
0.539105 0.836920 
0.538978 0.861720 
0.538852 0.884614 
0.538725 0.905554 
0.538599 0.924492 
0.538473 0.941386 
0.538346 0.956201 
0.538220 0.968901 
0.538093 0.979460 
0.537967 0.987855 
0.537841 0.994066 
0.537714 0.998080 
0.537588 0.999888 
0.537462 0.999486 
0.537335 0.996875 
0.537209 0.992061 
0.537083 0.985054 
0.536957 0.975870 
0.536830 0.964529 
0.536704 0.951057 
0.536578 0.935482 
0.536451 0.917839 
0.536325 0.898169 
0.536199 0.876513 
0.536073 0.852919 
0.535947 0.827441 
0.535820 0.800134 
0.535694 0.771058 
0.535568 0.740278 
0.535442 0.707862 
0.535316 0.673881 
0.535189 0.638411 
0.535063 0.601530 
0.534937 0.563320 
0.523373 0.552679 
0.523248 0.591238 
0.523123 0.628490 
0.522998 0.664352 
0.522873 0.698747 
0.522747 0.731597 
0.522622 0.762830 
0.522497 0.792377 
0.522372 0.820172 
0.522247 0.846155 
0.522121 0.870268 
0.521996 0.892457 
0.521871 0.912674 
0.521746 0.930874 
0.521621 0.947016 
0.521496 0.961065 
0.521371 0.972990 
0.521246 0.982765 
0.521121 0.990367 
0.520995 0.995780 
0.520870 0.998993 
0.520745 0.999998 
0.520620 0.998792 
0.520495 0.995379 
0.520370 0.989766 
0.520245 0.981965 
0.520120 0.971995 
0.519995 0.959875 
0.519870 0.945634 
0.519745 0.929304 
0.519620 0.910919 
0.519495 0.890521 
0.519370 0.868155 
0.519245 0.843870 
0.519121 0.817719 
0.518996 0.789762 
0.518871 0.760059 
0.518746 0.728676 
0.518621 0.695683 
0.518496 0.661152 
0.518371 0.625159 
0.518246 0.587785 
0.518121 0.549112 
0.506802 0.527501 
0.506678 0.566846 
0.506554 0.604940 
0.506430 0.641696 
0.506306 0.677033 
0.506182 0.710875 
0.506058 0.743145 
0.505934 0.773773 
0.505810 0.802690 
0.505687 0.829833 
0.505563 0.855143 
0.505439 0.878562 
0.505315 0.900040 
0.505191 0.919528 
0.505067 0.936984 
0.504944 0.952369 
0.504820 0.965649 
0.504696 0.976794 
0.504572 0.985781 
0.504449 0.992589 
0.504325 0.997204 
0.504201 0.999614 
0.504077 0.999815 
0.503954 0.997806 
0.503830 0.993592 
0.503706 0.987182 
0.503583 0.978590 
0.503459 0.967835 
0.503335 0.954941 
0.503211 0.939936 
0.503088 0.922854 
0.502964 0.903732 
0.502841 0.882613 
0.502717 0.859543 
0.502593 0.834573 
0.502470 0.807759 
0.502346 0.779159 
0.502223 0.748838 
0.502099 0.716861 
0.501976 0.683300 
0.501852 0.648228 
0.501728 0.611724 
0.501605 0.573868 
0.501481 0.534744 
0.490407 0.501850 
0.490284 0.541948 
0.490162 0.580848 
0.490039 0.618464 
0.489917 0.654714 
0.489794 0.689516 
0.489671 0.722795 
0.489549 0.754476 
0.489426 0.784489 
0.489304 0.812769 
0.489181 0.839252 
0.489059 0.863880 
0.488937 0.886599 
0.488814 0.907359 
0.488692 0.926113 
0.488569 0.942820 
0.488447 0.957443 
0.488324 0.969950 
0.488202 0.980313 
0.488080 0.988510 
0.487957 0.994522 
0.487835 0.998336 
0.487712 0.999943 
0.487590 0.999340 
0.487468 0.996529 
0.487345 0.991514 
0.487223 0.984309 
0.487101 0.974928 
0.486978 0.963392 
0.486856 0.949727 
0.486734 0.933963 
0.486612 0.916134 
0.486489 0.896281 
0.486367 0.874447 
0.486245 0.850680 
0.486123 0.825033 
0.486000 0.797562 
0.485878 0.768329 
0.485756 0.737398 
0.485634 0.704836 
0.485512 0.670717 
0.485389 0.635116 
0.485267 0.598111 
0.485145 0.559783 
0.485023 0.520219 
0.474195 0.475750 
0.474074 0.516564 
0.473953 0.556236 
0.473832 0.594680 
0.473710 0.631808 
0.473589 0.667541 
0.473468 0.701798 
0.473347 0.734504 
0.473226 0.765586 
0.473105 0.794977 
0.472984 0.822610 
0.472863 0.848425 
0.472742 0.872365 
0.472620 0.894377 
0.472499 0.914413 
0.472378 0.932427 
0.472257 0.948380 
0.472136 0.962237 
0.472015 0.973968 
0.471894 0.983546 
0.471773 0.990950 
0.471652 0.996164 
0.471531 0.999176 
0.471410 0.999979 
0.471290 0.998573 
0.471169 0.994960 
0.471048 0.989147 
0.470927 0.981148 
0.470806 0.970981 
0.470685 0.958668 
0.470564 0.944236 
0.470443 0.927717 
0.470322 0.909147 
0.470202 0.888568 
0.470081 0.866025 
0.469960 0.841569 
0.469839 0.815252 
0.469718 0.787133 
0.469598 0.757274 
0.469477 0.725742 
0.469356 0.692606 
0.469235 0.657939 
0.469114 0.621817 
0.468994 0.584322 
0.468873 0.545535 
0.468752 0.505542 
0.458052 0.490718 
0.457933 0.531127 
0.457813 0.570363 
0.457693 0.608337 
0.457573 0.644968 
0.457454 0.680173 
0.457334 0.713874 
0.457214 0.745998 
0.457095 0.776473 
0.456975 0.805232 
0.456855 0.832211 
0.456736 0.857351 
0.456616 0.880596 
0.456497 0.901894 
0.456377 0.921199 
0.456257 0.938468 
0.456138 0.953663 
0.456018 0.966751 
0.455899 0.977701 
0.455779 0.986491 
0.455660 0.993100 
0.455540 0.997514 
0.455421 0.999724 
0.455301 0.999724 
0.455182 0.997514 
0.455062 0.993100 
0.454943 0.986491 
0.454823 0.977701 
0.454704 0.966751 
0.454585 0.953663 
0.454465 0.938468 
0.454346 0.921199 
0.454226 0.901894 
0.454107 0.880596 
0.453988 0.857351 
0.453868 0.832211 
0.453749 0.805232 
0.453629 0.776473 
0.453510 0.745998 
0.453391 0.713874 
0.453272 0.680173 
0.453152 0.644968 
0.453033 0.608337 
0.452914 0.570363 
0.452794 0.531127 
0.452675 0.490718 
0.442225 0.464432 
0.442107 0.505542 
0.441989 0.545535 
0.441871 0.584322 
0.441752 0.621817 
0.441634 0.657939 
0.441516 0.692606 
0.441398 0.725742 
0.441280 0.757274 
0.441162 0.787133 
0.441043 0.815252 
0.440925 0.841569 
0.440807 0.866025 
0.440689 0.888568 
0.440571 0.909147 
0.440453 0.927717 
0.440335 0.944236 
0.440217 0.958668 
0.440099 0.970981 
0.439981 0.981148 
0.439862 0.989147 
0.439744 0.994960 
0.439627 0.998573 
0.439508 0.999979 
0.439390 0.999176 
0.439273 0.996164 
0.439155 0.990950 
0.439037 0.983546 
0.438919 0.973968 
0.438801 0.962237 
0.438683 0.948380 
0.438565 0.932427 
0.438447 0.914413 
0.438329 0.894377 
0.438211 0.872365 
0.438093 0.848425 
0.437976 0.822610 
0.437858 0.794977 
0.437740 0.765586 
0.437622 0.734504 
0.437504 0.701798 
0.437386 0.667541 
0.437269 0.631808 
0.437151 0.594680 
0.437033 0.556236 
0.436915 0.516564 
0.436798 0.475750 
0.426599 0.437731 
0.426482 0.479505 
0.426365 0.520219 
0.426248 0.559783 
0.426132 0.598111 
0.426015 0.635116 
0.425898 0.670717 
0.425782 0.704836 
0.425665 0.737398 
0.425549 0.768329 
0.425432 0.797562 
0.425315 0.825033 
0.425199 0.850680 
0.425082 0.874447 
0.424966 0.896281 
0.424849 0.916134 
0.424733 0.933963 
0.424616 0.949727 
0.424499 0.963392 
0.424383 0.974928 
0.424266 0.984309 
0.424150 0.991514 
0.424033 0.996529 
0.423917 0.999340 
0.423801 0.999943 
0.423684 0.998336 
0.423568 0.994522 
0.423451 0.988510 
0.423335 0.980313 
0.423218 0.969950 
0.423102 0.957443 
0.422986 0.942820 
0.422869 0.926113 
0.422753 0.907359 
0.422637 0.886599 
0.422520 0.863880 
0.422404 0.839252 
0.422288 0.812769 
0.422171 0.784489 
0.422055 0.754476 
0.421939 0.722795 
0.421823 0.689516 
0.421706 0.654714 
0.421590 0.618464 
0.421474 0.580848 
0.421358 0.541948 
0.421242 0.501850 
0.421125 0.460642 
0.411063 0.453038 
0.410948 0.494437 
0.410832 0.534744 
0.410717 0.573868 
0.410602 0.611724 
0.410487 0.648228 
0.410372 0.683300 
0.410257 0.716861 
0.410142 0.748838 
0.410027 0.779159 
0.409912 0.807759 
0.409797 0.834573 
0.409682 0.859543 
0.409567 0.882613 
0.409452 0.903732 
0.409337 0.922854 
0.409222 0.939936 
0.409107 0.954941 
0.408992 0.967835 
0.408877 0.978590 
0.408762 0.987182 
0.408647 0.993592 
0.408532 0.997806 
0.408418 0.999815 
0.408303 0.999614 
0.408188 0.997204 
0.408073 0.992589 
0.407958 0.985781 
0.407843 0.976794 
0.407728 0.965649 
0.407614 0.952369 
0.407499 0.936984 
0.407384 0.919528 
0.407269 0.900040 
0.407155 0.878562 
0.407040 0.855143 
0.406925 0.829833 
0.406811 0.802690 
0.406696 0.773773 
0.406581 0.743145 
0.406466 0.710875 
0.406352 0.677033 
0.406237 0.641696 
0.406123 0.604940 
0.406008 0.566846 
0.405893 0.527501 
0.405779 0.486989 
0.405664 0.445401 
0.395855 0.426166 
0.395741 0.468213 
0.395628 0.509225 
0.395514 0.549112 
0.395401 0.587785 
0.395287 0.625159 
0.395174 0.661152 
0.395060 0.695683 
0.394947 0.728676 
0.394834 0.760059 
0.394720 0.789762 
0.394607 0.817719 
0.394493 0.843870 
0.394380 0.868155 
0.394267 0.890521 
0.394153 0.910919 
0.394040 0.929304 
0.393927 0.945634 
0.393813 0.959875 
0.393700 0.971995 
0.393587 0.981965 
0.393473 0.989766 
0.393360 0.995379 
0.393247 0.998792 
0.393134 0.999998 
0.393020 0.998993 
0.392907 0.995780 
0.392794 0.990367 
0.392681 0.982765 
0.392568 0.972990 
0.392454 0.961065 
0.392341 0.947016 
0.392228 0.930874 
0.392115 0.912674 
0.392002 0.892457 
0.391889 0.870268 
0.391776 0.846155 
0.391663 0.820172 
0.391549 0.792377 
0.391436 0.762830 
0.391323 0.731597 
0.391210 0.698747 
0.391097 0.664352 
0.390984 0.628490 
0.390871 0.591238 
0.390758 0.552679 
0.390645 0.512899 
0.390532 0.471986 
0.390419 0.430029 
0.380864 0.398912 
0.380752 0.441570 
0.380640 0.483251 
0.380529 0.523865 
0.380417 0.563320 
0.380305 0.601530 
0.380193 0.638411 
0.380081 0.673881 
0.379969 0.707862 
0.379858 0.740278 
0.379746 0.771058 
0.379634 0.800134 
0.379522 0.827441 
0.379411 0.852919 
0.379299 0.876513 
0.379187 0.898169 
0.379076 0.917839 
0.378964 0.935482 
0.378852 0.951057 
0.378741 0.964529 
0.378629 0.975870 
0.378517 0.985054 
0.378406 0.992061 
0.378294 0.996875 
0.378183 0.999486 
0.378071 0.999888 
0.377959 0.998080 
0.377848 0.994066 
0.377736 0.987855 
0.377625 0.979460 
0.377513 0.968901 
0.377402 0.956201 
0.377290 0.941386 
0.377179 0.924492 
0.377067 0.905554 
0.376956 0.884614 
0.376844 0.861720 
0.376733 0.836920 
0.376622 0.810271 
0.376510 0.781832 
0.376399 0.751664 
0.376287 0.719835 
0.376176 0.686414 
0.376065 0.651477 
0.375953 0.615100 
0.375842 0.577363 
0.375731 0.538351 
0.375619 0.498148 
0.375508 0.456844 
0.375397 0.414531 
0.366096 0.371302 
0.365985 0.414531 
0.365875 0.456844 
0.365765 0.498148 
0.365655 0.538351 
0.365545 0.577363 
0.365435 0.615100 
0.365325 0.651477 
0.365214 0.686414 
0.365104 0.719835 
0.364994 0.751664 
0.364884 0.781832 
0.364774 0.810271 
0.364664 0.836920 
0.364554 0.861720 
0.364444 0.884614 
0.364334 0.905554 
0.364224 0.924492 
0.364114 0.941386 
0.364004 0.956201 
0.363894 0.968901 
0.363784 0.979460 
0.363674 0.987855 
0.363565 0.994066 
0.363455 0.998080 
0.363345 0.999888 
0.363235 0.999486 
0.363125 0.996875 
0.363015 0.992061 
0.362905 0.985054 
0.362796 0.975870 
0.362686 0.964529 
0.362576 0.951057 
0.362466 0.935482 
0.362356 0.917839 
0.362247 0.898169 
0.362137 0.876513 
0.362027 0.852919 
0.361918 0.827441 
0.361808 0.800134 
0.361698 0.771058 
0.361589 0.740278 
0.361479 0.707862 
0.361369 0.673881 
0.361260 0.638411 
0.361150 0.601530 
0.361040 0.563320 
0.360931 0.523865 
0.360821 0.483251 
0.360712 0.441570 
0.360602 0.398912 
0.351446 0.387122 
0.351338 0.430029 
0.351229 0.471986 
0.351121 0.512899 
0.351013 0.552679 
0.350904 0.591238 
0.350796 0.628490 
0.350687 0.664352 
0.350579 0.698747 
0.350471 0.731597 
0.350362 0.762830 
0.350254 0.792377 
0.350146 0.820172 
0.350038 0.846155 
0.349929 0.870268 
0.349821 0.892457 
0.349713 0.912674 
0.349604 0.930874 
0.349496 0.947016 
0.349388 0.961065 
0.349280 0.972990 
0.349172 0.982765 
0.349064 0.990367 
0.348955 0.995780 
0.348847 0.998993 
0.348739 0.999998 
0.348631 0.998792 
0.348523 0.995379 
0.348415 0.989766 
0.348307 0.981965 
0.348199 0.971995 
0.348091 0.959875 
0.347983 0.945634 
0.347875 0.929304 
0.347767 0.910919 
0.347659 0.890521 
0.347551 0.868155 
0.347443 0.843870 
0.347335 0.817719 
0.347227 0.789762 
0.347119 0.760059 
0.347011 0.728676 
0.346903 0.695683 
0.346795 0.661152 
0.346687 0.625159 
0.346579 0.587785 
0.346472 0.549112 
0.346364 0.509225 
0.346256 0.468213 
0.346148 0.426166 
0.346040 0.383177 
0.337140 0.359365 
0.337033 0.402828 
0.336927 0.445401 
0.336820 0.486989 
0.336713 0.527501 
0.336607 0.566846 
0.336500 0.604940 
0.336393 0.641696 
0.336287 0.677033 
0.336180 0.710875 
0.336074 0.743145 
0.335967 0.773773 
0.335861 0.802690 
0.335754 0.829833 
0.335648 0.855143 
0.335541 0.878562 
0.335435 0.900040 
0.335328 0.919528 
0.335222 0.936984 
0.335115 0.952369 
0.335009 0.965649 
0.334903 0.976794 
0.334796 0.985781 
0.334690 0.992589 
0.334584 0.997204 
0.334477 0.999614 
0.334371 0.999815 
0.334265 0.997806 
0.334158 0.993592 
0.334052 0.987182 
0.333946 0.978590 
0.333839 0.967835 
0.333733 0.954941 
0.333627 0.939936 
0.333521 0.922854 
0.333414 0.903732 
0.333308 0.882613 
0.333202 0.859543 
0.333096 0.834573 
0.332990 0.807759 
0.332884 0.779159 
0.332777 0.748838 
0.332671 0.716861 
0.332565 0.683300 
0.332459 0.648228 
0.332353 0.611724 
0.332247 0.573868 
0.332141 0.534744 
0.332035 0.494437 
0.331929 0.453038 
0.331823 0.410638 
0.331717 0.367330 
0.323072 0.331287 
0.322967 0.375267 
0.322862 0.418417 
0.322757 0.460642 
0.322652 0.501850 
0.322547 0.541948 
0.322443 0.580848 
0.322338 0.618464 
0.322233 0.654714 
0.322128 0.689516 
0.322024 0.722795 
0.321919 0.754476 
0.321814 0.784489 
0.321709 0.812769 
0.321605 0.839252 
0.321500 0.863880 
0.321395 0.886599 
0.321291 0.907359 
0.321186 0.926113 
0.321082 0.942820 
0.320977 0.957443 
0.320872 0.969950 
0.320768 0.980313 
0.320663 0.988510 
0.320559 0.994522 
0.320454 0.998336 
0.320350 0.999943 
0.320245 0.999340 
0.320141 0.996529 
0.320036 0.991514 
0.319932 0.984309 
0.319827 0.974928 
0.319723 0.963392 
0.319618 0.949727 
0.319514 0.933963 
0.319410 0.916134 
0.319305 0.896281 
0.319201 0.874447 
0.319097 0.850680 
0.318992 0.825033 
0.318888 0.797562 
0.318784 0.768329 
0.318679 0.737398 
0.318575 0.704836 
0.318471 0.670717 
0.318366 0.635116 
0.318262 0.598111 
0.318158 0.559783 
0.318054 0.520219 
0.317950 0.479505 
0.317845 0.437731 
0.317741 0.394989 
0.317637 0.351375 
0.309143 0.347370 
0.309040 0.391059 
0.308937 0.433884 
0.308834 0.475750 
0.308731 0.516564 
0.308628 0.556236 
0.308526 0.594680 
0.308423 0.631808 
0.308320 0.667541 
0.308217 0.701798 
0.308114 0.734504 
0.308011 0.765586 
0.307908 0.794977 
0.307805 0.822610 
0.307703 0.848425 
0.307600 0.872365 
0.307497 0.894377 
0.307394 0.914413 
0.307291 0.932427 
0.307189 0.948380 
0.307086 0.962237 
0.306983 0.973968 
0.306881 0.983546 
0.306778 0.990950 
0.306675 0.996164 
0.306572 0.999176 
0.306470 0.999979 
0.306367 0.998573 
0.306265 0.994960 
0.306162 0.989147 
0.306059 0.981148 
0.305957 0.970981 
0.305854 0.958668 
0.305752 0.944236 
0.305649 0.927717 
0.305547 0.909147 
0.305444 0.888568 
0.305342 0.866025 
0.305239 0.841569 
0.305137 0.815252 
0.305034 0.787133 
0.304932 0.757274 
0.304829 0.725742 
0.304727 0.692606 
0.304625 0.657939 
0.304522 0.621817 
0.304420 0.584322 
0.304317 0.545535 
0.304215 0.505542 
0.304113 0.464432 
0.304010 0.422295 
0.303908 0.379225 
0.303806 0.335317 
0.295568 0.319162 
0.295467 0.363351 
0.295366 0.406737 
0.295265 0.449224 
0.295164 0.490718 
0.295063 0.531127 
0.294962 0.570363 
0.294860 0.608337 
0.294759 0.644968 
0.294658 0.680173 
0.294557 0.713874 
0.294456 0.745998 
0.294356 0.776473 
0.294255 0.805232 
0.294154 0.832211 
0.294053 0.857351 
0.293952 0.880596 
0.293851 0.901894 
0.293750 0.921199 
0.293649 0.938468 
0.293548 0.953663 
0.293448 0.966751 
0.293347 0.977701 
0.293246 0.986491 
0.293145 0.993100 
0.293044 0.997514 
0.292944 0.999724 
0.292843 0.999724 
0.292742 0.997514 
0.292641 0.993100 
0.292541 0.986491 
0.292440 0.977701 
0.292339 0.966751 
0.292239 0.953663 
0.292138 0.938468 
0.292037 0.921199 
0.291937 0.901894 
0.291836 0.880596 
0.291736 0.857351 
0.291635 0.832211 
0.291534 0.805232 
0.291434 0.776473 
0.291333 0.745998 
0.291233 0.713874 
0.291132 0.680173 
0.291032 0.644968 
0.290931 0.608337 
0.290831 0.570363 
0.290731 0.531127 
0.290630 0.490718 
0.290530 0.449224 
0.290429 0.406737 
0.290329 0.363351 
0.290228 0.319162 
0.282246 0.290668 
0.282146 0.335317 
0.282047 0.379225 
0.281948 0.422295 
0.281849 0.464432 
0.281750 0.505542 
0.281651 0.545535 
0.281552 0.584322 
0.281452 0.621817 
0.281353 0.657939 
0.281254 0.692606 
0.281155 0.725742 
0.281056 0.757274 
0.280957 0.787133 
0.280858 0.815252 
0.280759 0.841569 
0.280660 0.866025 
0.280561 0.888568 
0.280462 0.909147 
0.280363 0.927717 
0.280264 0.944236 
0.280165 0.958668 
0.280067 0.970981 
0.279968 0.981148 
0.279869 0.989147 
0.279770 0.994960 
0.279671 0.998573 
0.279572 0.999979 
0.279474 0.999176 
0.279375 0.996164 
0.279276 0.990950 
0.279177 0.983546 
0.279079 0.973968 
0.278980 0.962237 
0.278881 0.948380 
0.278782 0.932427 
0.278684 0.914413 
0.278585 0.894377 
0.278486 0.872365 
0.278388 0.848425 
0.278289 0.822610 
0.278190 0.794977 
0.278092 0.765586 
0.277993 0.734504 
0.277895 0.701798 
0.277796 0.667541 
0.277698 0.631808 
0.277599 0.594680 
0.277501 0.556236 
0.277402 0.516564 
0.277304 0.475750 
0.277205 0.433884 
0.277107 0.391059 
0.277008 0.347370 
0.276910 0.302913 
0.269084 0.306984 
0.268986 0.351375 
0.268889 0.394989 
0.268792 0.437731 
0.268695 0.479505 
0.268598 0.520219 
0.268501 0.559783 
0.268403 0.598111 
0.268306 0.635116 
0.268209 0.670717 
0.268112 0.704836 
0.268015 0.737398 
0.267918 0.768329 
0.267821 0.797562 
0.267724 0.825033 
0.267627 0.850680 
0.267530 0.874447 
0.267433 0.896281 
0.267336 0.916134 
0.267239 0.933963 
0.267142 0.949727 
0.267045 0.963392 
0.266948 0.974928 
0.266851 0.984309 
0.266754 0.991514 
0.266657 0.996529 
0.266561 0.999340 
0.266464 0.999943 
0.266367 0.998336 
0.266270 0.994522 
0.266173 0.988510 
0.266077 0.980313 
0.265980 0.969950 
0.265883 0.957443 
0.265786 0.942820 
0.265690 0.926113 
0.265593 0.907359 
0.265496 0.886599 
0.265400 0.863880 
0.265303 0.839252 
0.265206 0.812769 
0.265110 0.784489 
0.265013 0.754476 
0.264916 0.722795 
0.264820 0.689516 
0.264723 0.654714 
0.264627 0.618464 
0.264530 0.580848 
0.264434 0.541948 
0.264337 0.501850 
0.264241 0.460642 
0.264144 0.418417 
0.264048 0.375267 
0.263951 0.331287 
0.263855 0.286576 
0.256283 0.278375 
0.256188 0.323210 
0.256093 0.367330 
0.255998 0.410638 
0.255903 0.453038 
0.255807 0.494437 
0.255712 0.534744 
0.255617 0.573868 
0.255522 0.611724 
0.255427 0.648228 
0.255332 0.683300 
0.255237 0.716861 
0.255142 0.748838 
0.255047 0.779159 
0.254951 0.807759 
0.254856 0.834573 
0.254761 0.859543 
0.254666 0.882613 
0.254571 0.903732 
0.254477 0.922854 
0.254382 0.939936 
0.254287 0.954941 
0.254192 0.967835 
0.254097 0.978590 
0.254002 0.987182 
0.253907 0.993592 
0.253812 0.997806 
0.253717 0.999815 
0.253623 0.999614 
0.253528 0.997204 
0.253433 0.992589 
0.253338 0.985781 
0.253243 0.976794 
0.253149 0.965649 
0.253054 0.952369 
0.252959 0.936984 
0.252864 0.919528 
0.252770 0.900040 
0.252675 0.878562 
0.252580 0.855143 
0.252486 0.829833 
0.252391 0.802690 
0.252297 0.773773 
0.252202 0.743145 
0.252107 0.710875 
0.252013 0.677033 
0.251918 0.641696 
0.251824 0.604940 
0.251729 0.566846 
0.251635 0.527501 
0.251540 0.486989 
0.251446 0.445401 
0.251351 0.402828 
0.251257 0.359365 
0.251162 0.315108 
0.251068 0.270155 
0.243750 0.249518 
0.243657 0.294755 
0.243564 0.339341 
0.243471 0.383177 
0.243377 0.426166 
0.243284 0.468213 
0.243191 0.509225 
0.243098 0.549112 
0.243005 0.587785 
0.242912 0.625159 
0.242819 0.661152 
0.242726 0.695683 
0.242633 0.728676 
0.242540 0.760059 
0.242447 0.789762 
0.242354 0.817719 
0.242261 0.843870 
0.242168 0.868155 
0.242075 0.890521 
0.241982 0.910919 
0.241889 0.929304 
0.241796 0.945634 
0.241703 0.959875 
0.241610 0.971995 
0.241517 0.981965 
0.241425 0.989766 
0.241332 0.995379 
0.241239 0.998792 
0.241146 0.999998 
0.241053 0.998993 
0.240961 0.995780 
0.240868 0.990367 
0.240775 0.982765 
0.240682 0.972990 
0.240590 0.961065 
0.240497 0.947016 
0.240404 0.930874 
0.240312 0.912674 
0.240219 0.892457 
0.240126 0.870268 
0.240034 0.846155 
0.239941 0.820172 
0.239849 0.792377 
0.239756 0.762830 
0.239663 0.731597 
0.239571 0.698747 
0.239478 0.664352 
0.239386 0.628490 
0.239293 0.591238 
0.239201 0.552679 
0.239108 0.512899 
0.239016 0.471986 
0.238924 0.430029 
0.238831 0.387122 
0.238739 0.343359 
0.238646 0.298837 
0.238554 0.253655 
0.231397 0.266037 
0.231306 0.311049 
0.231215 0.355373 
0.231124 0.398912 
0.231033 0.441570 
0.230942 0.483251 
0.230851 0.523865 
0.230760 0.563320 
0.230669 0.601530 
0.230578 0.638411 
0.230487 0.673881 
0.230396 0.707862 
0.230305 0.740278 
0.230214 0.771058 
0.230123 0.800134 
0.230032 0.827441 
0.229941 0.852919 
0.229850 0.876513 
0.229759 0.898169 
0.229668 0.917839 
0.229578 0.935482 
0.229487 0.951057 
0.229396 0.964529 
0.229305 0.975870 
0.229214 0.985054 
0.229124 0.992061 
0.229033 0.996875 
0.228942 0.999486 
0.228851 0.999888 
0.228761 0.998080 
0.228670 0.994066 
0.228579 0.987855 
0.228489 0.979460 
0.228398 0.968901 
0.228307 0.956201 
0.228217 0.941386 
0.228126 0.924492 
0.228036 0.905554 
0.227945 0.884614 
0.227855 0.861720 
0.227764 0.836920 
0.227674 0.810271 
0.227583 0.781832 
0.227493 0.751664 
0.227402 0.719835 
0.227312 0.686414 
0.227221 0.651477 
0.227131 0.615100 
0.227040 0.577363 
0.226950 0.538351 
0.226860 0.498148 
0.226769 0.456844 
0.226679 0.414531 
0.226589 0.371302 
0.226498 0.327252 
0.226408 0.282478 
0.226318 0.237080 
0.219414 0.237080 
0.219325 0.282478 
0.219236 0.327252 
0.219147 0.371302 
0.219058 0.414531 
0.218969 0.456844 
0.218880 0.498148 
0.218791 0.538351 
0.218702 0.577363 
0.218613 0.615100 
0.218524 0.651477 
0.218435 0.686414 
0.218346 0.719835 
0.218257 0.751664 
0.218168 0.781832 
0.218080 0.810271 
0.217991 0.836920 
0.217902 0.861720 
0.217813 0.884614 
0.217725 0.905554 
0.217636 0.924492 
0.217547 0.941386 
0.217458 0.956201 
0.217370 0.968901 
0.217281 0.979460 
0.217192 0.987855 
0.217104 0.994066 
0.217015 0.998080 
0.216926 0.999888 
0.216838 0.999486 
0.216749 0.996875 
0.216661 0.992061 
0.216572 0.985054 
0.216484 0.975870 
0.216395 0.964529 
0.216307 0.951057 
0.216218 0.935482 
0.216130 0.917839 
0.216041 0.898169 
0.215953 0.876513 
0.215864 0.852919 
0.215776 0.827441 
0.215687 0.800134 
0.215599 0.771058 
0.215511 0.740278 
0.215422 0.707862 
0.215334 0.673881 
0.215246 0.638411 
0.215157 0.601530 
0.215069 0.563320 
0.214981 0.523865 
0.214893 0.483251 
0.214804 0.441570 
0.214716 0.398912 
0.214628 0.355373 
0.214540 0.311049 
0.214452 0.266037 
0.214363 0.220437 
0.207710 0.207912 
0.207623 0.253655 
0.207537 0.298837 
0.207450 0.343359 
0.207363 0.387122 
0.207276 0.430029 
0.207189 0.471986 
0.207102 0.512899 
0.207015 0.552679 
0.206929 0.591238 
0.206842 0.628490 
0.206755 0.664352 
0.206668 0.698747 
0.206582 0.731597 
0.206495 0.762830 
0.206408 0.792377 
0.206322 0.820172 
0.206235 0.846155 
0.206148 0.870268 
0.206062 0.892457 
0.205975 0.912674 
0.205888 0.930874 
0.205802 0.947016 
0.205715 0.961065 
0.205629 0.972990 
0.205542 0.982765 
0.205456 0.990367 
0.205369 0.995780 
0.205283 0.998993 
0.205196 0.999998 
0.205110 0.998792 
0.205023 0.995379 
0.204937 0.989766 
0.204850 0.981965 
0.204764 0.971995 
0.204678 0.959875 
0.204591 0.945634 
0.204505 0.929304 
0.204419 0.910919 
0.204332 0.890521 
0.204246 0.868155 
0.204160 0.843870 
0.204073 0.817719 
0.203987 0.789762 
0.203901 0.760059 
0.203815 0.728676 
0.203729 0.695683 
0.203642 0.661152 
0.203556 0.625159 
0.203470 0.587785 
0.203384 0.549112 
0.203298 0.509225 
0.203212 0.468213 
0.203126 0.426166 
0.203040 0.383177 
0.202954 0.339341 
0.202868 0.294755 
0.202781 0.249518 
0.202695 0.203729 
0.196207 0.224604 
0.196122 0.270155 
0.196037 0.315108 
0.195952 0.359365 
0.195868 0.402828 
0.195783 0.445401 
0.195698 0.486989 
0.195614 0.527501 
0.195529 0.566846 
0.195445 0.604940 
0.195360 0.641696 
0.195275 0.677033 
0.195191 0.710875 
0.195106 0.743145 
0.195022 0.773773 
0.194937 0.802690 
0.194853 0.829833 
0.194768 0.855143 
0.194684 0.878562 
0.194599 0.900040 
0.194515 0.919528 
0.194430 0.936984 
0.194346 0.952369 
0.194262 0.965649 
0.194177 0.976794 
0.194093 0.985781 
0.194008 0.992589 
0.193924 0.997204 
0.193840 0.999614 
0.193756 0.999815 
0.193671 0.997806 
0.193587 0.993592 
0.193503 0.987182 
0.193419 0.978590 
0.193334 0.967835 
0.193250 0.954941 
0.193166 0.939936 
0.193082 0.922854 
0.192998 0.903732 
0.192913 0.882613 
0.192829 0.859543 
0.192745 0.834573 
0.192661 0.807759 
0.192577 0.779159 
0.192493 0.748838 
0.192409 0.716861 
0.192325 0.683300 
0.192241 0.648228 
0.192157 0.611724 
0.192073 0.573868 
0.191989 0.534744 
0.191905 0.494437 
0.191821 0.453038 
0.191737 0.410638 
0.191653 0.367330 
0.191570 0.323210 
0.191486 0.278375 
0.191402 0.232926 
0.185079 0.195352 
0.184996 0.241231 
0.184913 0.286576 
0.184831 0.331287 
0.184748 0.375267 
0.184666 0.418417 
0.184583 0.460642 
0.184501 0.501850 
0.184418 0.541948 
0.184336 0.580848 
0.184254 0.618464 
0.184171 0.654714 
0.184089 0.689516 
0.184007 0.722795 
0.183924 0.754476 
0.183842 0.784489 
0.183760 0.812769 
0.183677 0.839252 
0.183595 0.863880 
0.183513 0.886599 
0.183430 0.907359 
0.183348 0.926113 
0.183266 0.942820 
0.183184 0.957443 
0.183102 0.969950 
0.183019 0.980313 
0.182937 0.988510 
0.182855 0.994522 
0.182773 0.998336 
0.182691 0.999943 
0.182609 0.999340 
0.182527 0.996529 
0.182445 0.991514 
0.182363 0.984309 
0.182281 0.974928 
0.182199 0.963392 
0.182117 0.949727 
0.182035 0.933963 
0.181953 0.916134 
0.181871 0.896281 
0.181789 0.874447 
0.181707 0.850680 
0.181625 0.825033 
0.181543 0.797562 
0.181461 0.768329 
0.181379 0.737398 
0.181298 0.704836 
0.181216 0.670717 
0.181134 0.635116 
0.181052 0.598111 
0.180971 0.559783 
0.180889 0.520219 
0.180807 0.479505 
0.180725 0.437731 
0.180644 0.394989 
0.180562 0.351375 
0.180480 0.306984 
0.180399 0.261914 
0.180317 0.216266 
0.174163 0.212091 
0.174082 0.257787 
0.174002 0.302913 
0.173922 0.347370 
0.173841 0.391059 
0.173761 0.433884 
0.173681 0.475750 
0.173601 0.516564 
0.173521 0.556236 
0.173440 0.594680 
0.173360 0.631808 
0.173280 0.667541 
0.173200 0.701798 
0.173120 0.734504 
0.173040 0.765586 
0.172959 0.794977 
0.172879 0.822610 
0.172799 0.848425 
0.172719 0.872365 
0.172639 0.894377 
0.172559 0.914413 
0.172479 0.932427 
0.172399 0.948380 
0.172319 0.962237 
0.172239 0.973968 
0.172159 0.983546 
0.172080 0.990950 
0.172000 0.996164 
0.171920 0.999176 
0.171840 0.999979 
0.171760 0.998573 
0.171680 0.994960 
0.171600 0.989147 
0.171521 0.981148 
0.171441 0.970981 
0.171361 0.958668 
0.171281 0.944236 
0.171202 0.927717 
0.171122 0.909147 
0.171042 0.888568 
0.170962 0.866025 
0.170883 0.841569 
0.170803 0.815252 
0.170723 0.787133 
0.170644 0.757274 
0.170564 0.725742 
0.170485 0.692606 
0.170405 0.657939 
0.170326 0.621817 
0.170246 0.584322 
0.170167 0.545535 
0.170087 0.505542 
0.170008 0.464432 
0.169928 0.422295 
0.169849 0.379225 
0.169769 0.335317 
0.169690 0.290668 
0.169610 0.245376 
0.169531 0.199542 
0.163626 0.182761 
0.163548 0.228767 
0.163470 0.274268 
0.163392 0.319162 
0.163314 0.363351 
0.163236 0.406737 
0.163158 0.449224 
0.163080 0.490718 
0.163002 0.531127 
0.162924 0.570363 
0.162846 0.608337 
0.162768 0.644968 
0.162690 0.680173 
0.162612 0.713874 
0.162534 0.745998 
0.162456 0.776473 
0.162379 0.805232 
0.162301 0.832211 
0.162223 0.857351 
0.162145 0.880596 
0.162067 0.901894 
0.161990 0.921199 
0.161912 0.938468 
0.161834 0.953663 
0.161756 0.966751 
0.161679 0.977701 
0.161601 0.986491 
0.161523 0.993100 
0.161446 0.997514 
0.161368 0.999724 
0.161291 0.999724 
0.161213 0.997514 
0.161135 0.993100 
0.161058 0.986491 
0.160980 0.977701 
0.160903 0.966751 
0.160825 0.953663 
0.160748 0.938468 
0.160670 0.921199 
0.160593 0.901894 
0.160516 0.880596 
0.160438 0.857351 
0.160361 0.832211 
0.160283 0.805232 
0.160206 0.776473 
0.160129 0.745998 
0.160051 0.713874 
0.159974 0.680173 
0.159897 0.644968 
0.159819 0.608337 
0.159742 0.570363 
0.159665 0.531127 
0.159588 0.490718 
0.159511 0.449224 
0.159433 0.406737 
0.159356 0.363351 
0.159279 0.319162 
0.159202 0.274268 
0.159125 0.228767 
0.159048 0.182761 
0.153314 0.199542 
0.153238 0.245376 
0.153162 0.290668 
0.153086 0.335317 
0.153011 0.379225 
0.152935 0.422295 
0.152859 0.464432 
0.152783 0.505542 
0.152708 0.545535 
0.152632 0.584322 
0.152556 0.621817 
0.152481 0.657939 
0.152405 0.692606 
0.152330 0.725742 
0.152254 0.757274 
0.152178 0.787133 
0.152103 0.815252 
0.152027 0.841569 
0.151952 0.866025 
0.151876 0.888568 
0.151801 0.909147 
0.151725 0.927717 
0.151650 0.944236 
0.151575 0.958668 
0.151499 0.970981 
0.151424 0.981148 
0.151348 0.989147 
0.151273 0.994960 
0.151198 0.998573 
0.151122 0.999979 
0.151047 0.999176 
0.150972 0.996164 
0.150897 0.990950 
0.150821 0.983546 
0.150746 0.973968 
0.150671 0.962237 
0.150596 0.948380 
0.150521 0.932427 
0.150445 0.914413 
0.150370 0.894377 
0.150295 0.872365 
0.150220 0.848425 
0.150145 0.822610 
0.150070 0.794977 
0.149995 0.765586 
0.149920 0.734504 
0.149845 0.701798 
0.149770 0.667541 
0.149695 0.631808 
0.149620 0.594680 
0.149545 0.556236 
0.149470 0.516564 
0.149395 0.475750 
0.149320 0.433884 
0.149245 0.391059 
0.149170 0.347370 
0.149095 0.302913 
0.149020 0.257787 
0.148946 0.212091 
0.148871 0.165926 
0.143384 0.170139 
0.143310 0.216266 
0.143237 0.261914 
0.143163 0.306984 
0.143090 0.351375 
0.143016 0.394989 
0.142943 0.437731 
0.142869 0.479505 
0.142796 0.520219 
0.142723 0.559783 
0.142649 0.598111 
0.142576 0.635116 
0.142503 0.670717 
0.142429 0.704836 
0.142356 0.737398 
0.142283 0.768329 
0.142210 0.797562 
0.142136 0.825033 
0.142063 0.850680 
0.141990 0.874447 
0.141917 0.896281 
0.141844 0.916134 
0.141771 0.933963 
0.141697 0.949727 
0.141624 0.963392 
0.141551 0.974928 
0.141478 0.984309 
0.141405 0.991514 
0.141332 0.996529 
0.141259 0.999340 
0.141186 0.999943 
0.141113 0.998336 
0.141040 0.994522 
0.140967 0.988510 
0.140894 0.980313 
0.140821 0.969950 
0.140748 0.957443 
0.140676 0.942820 
0.140603 0.926113 
0.140530 0.907359 
0.140457 0.886599 
0.140384 0.863880 
0.140311 0.839252 
0.140239 0.812769 
0.140166 0.784489 
0.140093 0.754476 
0.140020 0.722795 
0.139948 0.689516 
0.139875 0.654714 
0.139802 0.618464 
0.139730 0.580848 
0.139657 0.541948 
0.139585 0.501850 
0.139512 0.460642 
0.139439 0.418417 
0.139367 0.375267 
0.139294 0.331287 
0.139222 0.286576 
0.139149 0.241231 
0.139077 0.195352 
0.139004 0.149042 
0.133761 0.140584 
0.133690 0.186961 
0.133619 0.232926 
0.133547 0.278375 
0.133476 0.323210 
0.133405 0.367330 
0.133334 0.410638 
0.133263 0.453038 
0.133192 0.494437 
0.133121 0.534744 
0.133050 0.573868 
0.132979 0.611724 
0.132908 0.648228 
0.132837 0.683300 
0.132766 0.716861 
0.132695 0.748838 
0.132624 0.779159 
0.132553 0.807759 
0.132482 0.834573 
0.132412 0.859543 
0.132341 0.882613 
0.132270 0.903732 
0.132199 0.922854 
0.132128 0.939936 
0.132058 0.954941 
0.131987 0.967835 
0.131916 0.978590 
0.131845 0.987182 
0.131775 0.993592 
0.131704 0.997806 
0.131633 0.999815 
0.131563 0.999614 
0.131492 0.997204 
0.131421 0.992589 
0.131351 0.985781 
0.131280 0.976794 
0.131210 0.965649 
0.131139 0.952369 
0.131069 0.936984 
0.130998 0.919528 
0.130928 0.900040 
0.130857 0.878562 
0.130787 0.855143 
0.130716 0.829833 
0.130646 0.802690 
0.130575 0.773773 
0.130505 0.743145 
0.130435 0.710875 
0.130364 0.677033 
0.130294 0.641696 
0.130224 0.604940 
0.130153 0.566846 
0.130083 0.527501 
0.130013 0.486989 
0.129943 0.445401 
0.129872 0.402828 
0.129802 0.359365 
0.129732 0.315108 
0.129662 0.270155 
0.129592 0.224604 
0.129522 0.178557 
0.129451 0.132115 
0.124381 0.157490 
0.124312 0.203729 
0.124243 0.249518 
0.124174 0.294755 
0.124105 0.339341 
0.124037 0.383177 
0.123968 0.426166 
0.123899 0.468213 
0.123831 0.509225 
0.123762 0.549112 
0.123693 0.587785 
0.123625 0.625159 
0.123556 0.661152 
0.123487 0.695683 
0.123419 0.728676 
0.123350 0.760059 
0.123282 0.789762 
0.123213 0.817719 
0.123145 0.843870 
0.123076 0.868155 
0.123008 0.890521 
0.122939 0.910919 
0.122871 0.929304 
0.122803 0.945634 
0.122734 0.959875 
0.122666 0.971995 
0.122597 0.981965 
0.122529 0.989766 
0.122461 0.995379 
0.122392 0.998792 
0.122324 0.999998 
0.122256 0.998993 
0.122188 0.995780 
0.122119 0.990367 
0.122051 0.982765 
0.121983 0.972990 
0.121915 0.961065 
0.121847 0.947016 
0.121778 0.930874 
0.121710 0.912674 
0.121642 0.892457 
0.121574 0.870268 
0.121506 0.846155 
0.121438 0.820172 
0.121370 0.792377 
0.121302 0.762830 
0.121234 0.731597 
0.121166 0.698747 
0.121098 0.664352 
0.121030 0.628490 
0.120962 0.591238 
0.120894 0.552679 
0.120826 0.512899 
0.120758 0.471986 
0.120690 0.430029 
0.120623 0.387122 
0.120555 0.343359 
0.120487 0.298837 
0.120419 0.253655 
0.120351 0.207912 
0.120284 0.161709 
0.115386 0.127877 
0.115319 0.174350 
0.115253 0.220437 
0.115187 0.266037 
0.115120 0.311049 
0.115054 0.355373 
0.114987 0.398912 
0.114921 0.441570 
0.114855 0.483251 
0.114789 0.523865 
0.114722 0.563320 
0.114656 0.601530 
0.114590 0.638411 
0.114524 0.673881 
0.114457 0.707862 
0.114391 0.740278 
0.114325 0.771058 
0.114259 0.800134 
0.114193 0.827441 
0.114127 0.852919 
0.114061 0.876513 
0.113995 0.898169 
0.113928 0.917839 
0.113862 0.935482 
0.113796 0.951057 
0.113730 0.964529 
0.113664 0.975870 
0.113598 0.985054 
0.113533 0.992061 
0.113467 0.996875 
0.113401 0.999486 
0.113335 0.999888 
0.113269 0.998080 
0.113203 0.994066 
0.113137 0.987855 
0.113071 0.979460 
0.113006 0.968901 
0.112940 0.956201 
0.112874 0.941386 
0.112808 0.924492 
0.112743 0.905554 
0.112677 0.884614 
0.112611 0.861720 
0.112545 0.836920 
0.112480 0.810271 
0.112414 0.781832 
0.112349 0.751664 
0.112283 0.719835 
0.112217 0.686414 
0.112152 0.651477 
0.112086 0.615100 
0.112021 0.577363 
0.111955 0.538351 
0.111890 0.498148 
0.111824 0.456844 
0.111759 0.414531 
0.111693 0.371302 
0.111628 0.327252 
0.111563 0.282478 
0.111497 0.237080 
0.111432 0.191159 
0.111366 0.144814 
0.106645 0.144814 
0.106581 0.191159 
0.106517 0.237080 
0.106453 0.282478 
0.106389 0.327252 
0.106325 0.371302 
0.106261 0.414531 
0.106197 0.456844 
0.106133 0.498148 
0.106069 0.538351 
0.106005 0.577363 
0.105941 0.615100 
0.105878 0.651477 
0.105814 0.686414 
0.105750 0.719835 
0.105686 0.751664 
0.105623 0.781832 
0.105559 0.810271 
0.105495 0.836920 
0.105431 0.861720 
0.105368 0.884614 
0.105304 0.905554 
0.105241 0.924492 
0.105177 0.941386 
0.105113 0.956201 
0.105050 0.968901 
0.104986 0.979460 
0.104923 0.987855 
0.104859 0.994066 
0.104796 0.998080 
0.104732 0.999888 
0.104669 0.999486 
0.104605 0.996875 
0.104542 0.992061 
0.104478 0.985054 
0.104415 0.975870 
0.104352 0.964529 
0.104288 0.951057 
0.104225 0.935482 
0.104162 0.917839 
0.104098 0.898169 
0.104035 0.876513 
0.103972 0.852919 
0.103908 0.827441 
0.103845 0.800134 
0.103782 0.771058 
0.103719 0.740278 
0.103656 0.707862 
0.103593 0.673881 
0.103529 0.638411 
0.103466 0.601530 
0.103403 0.563320 
0.103340 0.523865 
0.103277 0.483251 
0.103214 0.441570 
0.103151 0.398912 
0.103088 0.355373 
0.103025 0.311049 
0.102962 0.266037 
0.102899 0.220437 
0.102836 0.174350 
0.102773 0.127877 
0.098291 0.115149 
0.098229 0.161709 
0.098167 0.207912 
0.098106 0.253655 
0.098044 0.298837 
0.097983 0.343359 
0.097921 0.387122 
0.097860 0.430029 
0.097798 0.471986 
0.097737 0.512899 
0.097676 0.552679 
0.097614 0.591238 
0.097553 0.628490 
0.097491 0.664352 
0.097430 0.698747 
0.097369 0.731597 
0.097307 0.762830 
0.097246 0.792377 
0.097185 0.820172 
0.097124 0.846155 
0.097062 0.870268 
0.097001 0.892457 
0.096940 0.912674 
0.096879 0.930874 
0.096818 0.947016 
0.096756 0.961065 
0.096695 0.972990 
0.096634 0.982765 
0.096573 0.990367 
0.096512 0.995780 
0.096451 0.998993 
0.096390 0.999998 
0.096329 0.998792 
0.096268 0.995379 
0.096207 0.989766 
0.096146 0.981965 
0.096085 0.971995 
0.096024 0.959875 
0.095963 0.945634 
0.095902 0.929304 
0.095841 0.910919 
0.095780 0.890521 
0.095720 0.868155 
0.095659 0.843870 
0.095598 0.817719 
0.095537 0.789762 
0.095477 0.760059 
0.095416 0.728676 
0.095355 0.695683 
0.095294 0.661152 
0.095234 0.625159 
0.095173 0.587785 
0.095112 0.549112 
0.095052 0.509225 
0.094991 0.468213 
0.094930 0.426166 
0.094870 0.383177 
0.094809 0.339341 
0.094749 0.294755 
0.094688 0.249518 
0.094628 0.203729 
0.094567 0.157490 
0.094507 0.110903 
0.090201 0.132115 
0.090142 0.178557 
0.090083 0.224604 
0.090024 0.270155 
0.089965 0.315108 
0.089906 0.359365 
0.089847 0.402828 
0.089788 0.445401 
0.089729 0.486989 
0.089670 0.527501 
0.089611 0.566846 
0.089552 0.604940 
0.089493 0.641696 
0.089434 0.677033 
0.089375 0.710875 
0.089316 0.743145 
0.089257 0.773773 
0.089199 0.802690 
0.089140 0.829833 
0.089081 0.855143 
0.089022 0.878562 
0.088964 0.900040 
0.088905 0.919528 
0.088846 0.936984 
0.088787 0.952369 
0.088729 0.965649 
0.088670 0.976794 
0.088611 0.985781 
0.088553 0.992589 
0.088494 0.997204 
0.088436 0.999614 
0.088377 0.999815 
0.088318 0.997806 
0.088260 0.993592 
0.088201 0.987182 
0.088143 0.978590 
0.088084 0.967835 
0.088026 0.954941 
0.087968 0.939936 
0.087909 0.922854 
0.087851 0.903732 
0.087792 0.882613 
0.087734 0.859543 
0.087676 0.834573 
0.087617 0.807759 
0.087559 0.779159 
0.087501 0.748838 
0.087442 0.716861 
0.087384 0.683300 
0.087326 0.648228 
0.087268 0.611724 
0.087209 0.573868 
0.087151 0.534744 
0.087093 0.494437 
0.087035 0.453038 
0.086977 0.410638 
0.086919 0.367330 
0.086861 0.323210 
0.086803 0.278375 
0.086745 0.232926 
0.086686 0.186961 
0.086628 0.140584 
0.086571 0.093896 
0.082500 0.102403 
0.082444 0.149042 
0.082387 0.195352 
0.082330 0.241231 
0.082274 0.286576 
0.082217 0.331287 
0.082161 0.375267 
0.082104 0.418417 
0.082047 0.460642 
0.081991 0.501850 
0.081934 0.541948 
0.081878 0.580848 
0.081822 0.618464 
0.081765 0.654714 
0.081709 0.689516 
0.081652 0.722795 
0.081596 0.754476 
0.081540 0.784489 
0.081483 0.812769 
0.081427 0.839252 
0.081371 0.863880 
0.081314 0.886599 
0.081258 0.907359 
0.081202 0.926113 
0.081146 0.942820 
0.081089 0.957443 
0.081033 0.969950 
0.080977 0.980313 
0.080921 0.988510 
0.080865 0.994522 
0.080809 0.998336 
0.080752 0.999943 
0.080696 0.999340 
0.080640 0.996529 
0.080584 0.991514 
0.080528 0.984309 
0.080472 0.974928 
0.080416 0.963392 
0.080360 0.949727 
0.080304 0.933963 
0.080248 0.916134 
0.080193 0.896281 
0.080137 0.874447 
0.080081 0.850680 
0.080025 0.825033 
0.079969 0.797562 
0.079913 0.768329 
0.079857 0.737398 
0.079802 0.704836 
0.079746 0.670717 
0.079690 0.635116 
0.079634 0.598111 
0.079579 0.559783 
0.079523 0.520219 
0.079467 0.479505 
0.079412 0.437731 
0.079356 0.394989 
0.079300 0.351375 
0.079245 0.306984 
0.079189 0.261914 
0.079134 0.216266 
0.079078 0.170139 
0.079023 0.123637 
0.075074 0.119394 
0.075020 0.165926 
0.074966 0.212091 
0.074912 0.257787 
0.074858 0.302913 
0.074804 0.347370 
0.074750 0.391059 
0.074696 0.433884 
0.074642 0.475750 
0.074588 0.516564 
0.074534 0.556236 
0.074480 0.594680 
0.074426 0.631808 
0.074372 0.667541 
0.074318 0.701798 
0.074264 0.734504 
0.074210 0.765586 
0.074156 0.794977 
0.074103 0.822610 
0.074049 0.848425 
0.073995 0.872365 
0.073941 0.894377 
0.073887 0.914413 
0.073834 0.932427 
0.073780 0.948380 
0.073726 0.962237 
0.073673 0.973968 
0.073619 0.983546 
0.073565 0.990950 
0.073512 0.996164 
0.073458 0.999176 
0.073404 0.999979 
0.073351 0.998573 
0.073297 0.994960 
0.073244 0.989147 
0.073190 0.981148 
0.073137 0.970981 
0.073083 0.958668 
0.073030 0.944236 
0.072976 0.927717 
0.072923 0.909147 
0.072870 0.888568 
0.072816 0.866025 
0.072763 0.841569 
0.072709 0.815252 
0.072656 0.787133 
0.072603 0.757274 
0.072550 0.725742 
0.072496 0.692606 
0.072443 0.657939 
0.072390 0.621817 
0.072337 0.584322 
0.072283 0.545535 
0.072230 0.505542 
0.072177 0.464432 
0.072124 0.422295 
0.072071 0.379225 
0.072018 0.335317 
0.071965 0.290668 
0.071912 0.245376 
0.071858 0.199542 
0.071805 0.153267 
0.071752 0.106654 
0.068037 0.089639 
0.067986 0.136351 
0.067934 0.182761 
0.067882 0.228767 
0.067831 0.274268 
0.067779 0.319162 
0.067728 0.363351 
0.067676 0.406737 
0.067625 0.449224 
0.067573 0.490718 
0.067522 0.531127 
0.067470 0.570363 
0.067419 0.608337 
0.067367 0.644968 
0.067316 0.680173 
0.067265 0.713874 
0.067213 0.745998 
0.067162 0.776473 
0.067111 0.805232 
0.067059 0.832211 
0.067008 0.857351 
0.066957 0.880596 
0.066905 0.901894 
0.066854 0.921199 
0.066803 0.938468 
0.066752 0.953663 
0.066701 0.966751 
0.066650 0.977701 
0.066598 0.986491 
0.066547 0.993100 
0.066496 0.997514 
0.066445 0.999724 
0.066394 0.999724 
0.066343 0.997514 
0.066292 0.993100 
0.066241 0.986491 
0.066190 0.977701 
0.066139 0.966751 
0.066088 0.953663 
0.066037 0.938468 
0.065986 0.921199 
0.065935 0.901894 
0.065885 0.880596 
0.065834 0.857351 
0.065783 0.832211 
0.065732 0.805232 
0.065681 0.776473 
0.065630 0.745998 
0.065580 0.713874 
0.065529 0.680173 
0.065478 0.644968 
0.065428 0.608337 
0.065377 0.570363 
0.065326 0.531127 
0.065276 0.490718 
0.065225 0.449224 
0.065174 0.406737 
0.065124 0.363351 
0.065073 0.319162 
0.065023 0.274268 
0.064972 0.228767 
0.064922 0.182761 
0.064871 0.136351 
0.064821 0.089639 
0.061286 0.106654 
0.061237 0.153267 
0.061188 0.199542 
0.061139 0.245376 
0.061090 0.290668 
0.061040 0.335317 
0.060991 0.379225 
0.060942 0.422295 
0.060894 0.464432 
0.060845 0.505542 
0.060796 0.545535 
0.060747 0.584322 
0.060698 0.621817 
0.060649 0.657939 
0.060600 0.692606 
0.060551 0.725742 
0.060502 0.757274 
0.060454 0.787133 
0.060405 0.815252 
0.060356 0.841569 
0.060307 0.866025 
0.060259 0.888568 
0.060210 0.909147 
0.060161 0.927717 
0.060113 0.944236 
0.060064 0.958668 
0.060015 0.970981 
0.059967 0.981148 
0.059918 0.989147 
0.059870 0.994960 
0.059821 0.998573 
0.059772 0.999979 
0.059724 0.999176 
0.059676 0.996164 
0.059627 0.990950 
0.059579 0.983546 
0.059530 0.973968 
0.059482 0.962237 
0.059433 0.948380 
0.059385 0.932427 
0.059337 0.914413 
0.059288 0.894377 
0.059240 0.872365 
0.059192 0.848425 
0.059143 0.822610 
0.059095 0.794977 
0.059047 0.765586 
0.058999 0.734504 
0.058950 0.701798 
0.058902 0.667541 
0.058854 0.631808 
0.058806 0.594680 
0.058758 0.556236 
0.058710 0.516564 
0.058662 0.475750 
0.058614 0.433884 
0.058565 0.391059 
0.058517 0.347370 
0.058469 0.302913 
0.058421 0.257787 
0.058373 0.212091 
0.058326 0.165926 
0.058278 0.119394 
0.058230 0.072599 
0.054923 0.076861 
0.054876 0.123637 
0.054830 0.170139 
0.054783 0.216266 
0.054737 0.261914 
0.054690 0.306984 
0.054644 0.351375 
0.054597 0.394989 
0.054551 0.437731 
0.054505 0.479505 
0.054458 0.520219 
0.054412 0.559783 
0.054366 0.598111 
0.054319 0.635116 
0.054273 0.670717 
0.054227 0.704836 
0.054180 0.737398 
0.054134 0.768329 
0.054088 0.797562 
0.054042 0.825033 
0.053995 0.850680 
0.053949 0.874447 
0.053903 0.896281 
0.053857 0.916134 
0.053811 0.933963 
0.053765 0.949727 
0.053719 0.963392 
0.053673 0.974928 
0.053627 0.984309 
0.053581 0.991514 
0.053535 0.996529 
0.053489 0.999340 
0.053443 0.999943 
0.053397 0.998336 
0.053351 0.994522 
0.053305 0.988510 
0.053259 0.980313 
0.053213 0.969950 
0.053167 0.957443 
0.053121 0.942820 
0.053076 0.926113 
0.053030 0.907359 
0.052984 0.886599 
0.052938 0.863880 
0.052893 0.839252 
0.052847 0.812769 
0.052801 0.784489 
0.052755 0.754476 
0.052710 0.722795 
0.052664 0.689516 
0.052619 0.654714 
0.052573 0.618464 
0.052527 0.580848 
0.052482 0.541948 
0.052436 0.501850 
0.052391 0.460642 
0.052345 0.418417 
0.052300 0.375267 
0.052254 0.331287 
0.052209 0.286576 
0.052163 0.241231 
0.052118 0.195352 
0.052073 0.149042 
0.052027 0.102403 
0.051982 0.055537 
0.048855 0.093896 
0.048811 0.140584 
0.048768 0.186961 
0.048724 0.232926 
0.048680 0.278375 
0.048636 0.323210 
0.048592 0.367330 
0.048548 0.410638 
0.048504 0.453038 
0.048460 0.494437 
0.048417 0.534744 
0.048373 0.573868 
0.048329 0.611724 
0.048285 0.648228 
0.048241 0.683300 
0.048198 0.716861 
0.048154 0.748838 
0.048110 0.779159 
0.048067 0.807759 
0.048023 0.834573 
0.047980 0.859543 
0.047936 0.882613 
0.047892 0.903732 
0.047849 0.922854 
0.047805 0.939936 
0.047762 0.954941 
0.047718 0.967835 
0.047675 0.978590 
0.047631 0.987182 
0.047588 0.993592 
0.047544 0.997806 
0.047501 0.999815 
0.047458 0.999614 
0.047414 0.997204 
0.047371 0.992589 
0.047328 0.985781 
0.047284 0.976794 
0.047241 0.965649 
0.047198 0.952369 
0.047155 0.936984 
0.047111 0.919528 
0.047068 0.900040 
0.047025 0.878562 
0.046982 0.855143 
0.046939 0.829833 
0.046896 0.802690 
0.046852 0.773773 
0.046809 0.743145 
0.046766 0.710875 
0.046723 0.677033 
0.046680 0.641696 
0.046637 0.604940 
0.046594 0.566846 
0.046551 0.527501 
0.046508 0.486989 
0.046465 0.445401 
0.046422 0.402828 
0.046380 0.359365 
0.046337 0.315108 
0.046294 0.270155 
0.046251 0.224604 
0.046208 0.178557 
0.046165 0.132115 
0.046123 0.085381 
0.043176 0.064070 
0.043135 0.110903 
0.043093 0.157490 
0.043052 0.203729 
0.043011 0.249518 
0.042969 0.294755 
0.042928 0.339341 
0.042887 0.383177 
0.042845 0.426166 
0.042804 0.468213 
0.042763 0.509225 
0.042722 0.549112 
0.042681 0.587785 
0.042639 0.625159 
0.042598 0.661152 
0.042557 0.695683 
0.042516 0.728676 
0.042475 0.760059 
0.042434 0.789762 
0.042393 0.817719 
0.042352 0.843870 
0.042311 0.868155 
0.042270 0.890521 
0.042229 0.910919 
0.042188 0.929304 
0.042147 0.945634 
0.042106 0.959875 
0.042065 0.971995 
0.042024 0.981965 
0.041983 0.989766 
0.041942 0.995379 
0.041902 0.998792 
0.041861 0.999998 
0.041820 0.998993 
0.041779 0.995780 
0.041739 0.990367 
0.041698 0.982765 
0.041657 0.972990 
0.041616 0.961065 
0.041576 0.947016 
0.041535 0.930874 
0.041494 0.912674 
0.041454 0.892457 
0.041413 0.870268 
0.041373 0.846155 
0.041332 0.820172 
0.041292 0.792377 
0.041251 0.762830 
0.041211 0.731597 
0.041170 0.698747 
0.041130 0.664352 
0.041089 0.628490 
0.041049 0.591238 
0.041008 0.552679 
0.040968 0.512899 
0.040928 0.471986 
0.040887 0.430029 
0.040847 0.387122 
0.040807 0.343359 
0.040767 0.298837 
0.040726 0.253655 
0.040686 0.207912 
0.040646 0.161709 
0.040606 0.115149 
0.040565 0.068335 
0.037801 0.081122 
0.037763 0.127877 
0.037724 0.174350 
0.037685 0.220437 
0.037646 0.266037 
0.037608 0.311049 
0.037569 0.355373 
0.037530 0.398912 
0.037492 0.441570 
0.037453 0.483251 
0.037414 0.523865 
0.037376 0.563320 
0.037337 0.601530 
0.037299 0.638411 
0.037260 0.673881 
0.037222 0.707862 
0.037183 0.740278 
0.037145 0.771058 
0.037106 0.800134 
0.037068 0.827441 
0.037029 0.852919 
0.036991 0.876513 
0.036952 0.898169 
0.036914 0.917839 
0.036876 0.935482 
0.036837 0.951057 
0.036799 0.964529 
0.036761 0.975870 
0.036723 0.985054 
0.036684 0.992061 
0.036646 0.996875 
0.036608 0.999486 
0.036570 0.999888 
0.036532 0.998080 
0.036493 0.994066 
0.036455 0.987855 
0.036417 0.979460 
0.036379 0.968901 
0.036341 0.956201 
0.036303 0.941386 
0.036265 0.924492 
0.036227 0.905554 
0.036189 0.884614 
0.036151 0.861720 
0.036113 0.836920 
0.036075 0.810271 
0.036037 0.781832 
0.035999 0.751664 
0.035961 0.719835 
0.035924 0.686414 
0.035886 0.651477 
0.035848 0.615100 
0.035810 0.577363 
0.035772 0.538351 
0.035735 0.498148 
0.035697 0.456844 
0.035659 0.414531 
0.035621 0.371302 
0.035584 0.327252 
0.035546 0.282478 
0.035508 0.237080 
0.035471 0.191159 
0.035433 0.144814 
0.035396 0.098150 
0.035358 0.051269 
0.032814 0.051269 
0.032777 0.098150 
0.032741 0.144814 
0.032705 0.191159 
0.032669 0.237080 
0.032633 0.282478 
0.032597 0.327252 
0.032561 0.371302 
0.032525 0.414531 
0.032489 0.456844 
0.032453 0.498148 
0.032417 0.538351 
0.032381 0.577363 
0.032345 0.615100 
0.032309 0.651477 
0.032273 0.686414 
0.032237 0.719835 
0.032201 0.751664 
0.032165 0.781832 
0.032129 0.810271 
0.032094 0.836920 
0.032058 0.861720 
0.032022 0.884614 
0.031986 0.905554 
0.031951 0.924492 
0.031915 0.941386 
0.031879 0.956201 
0.031843 0.968901 
0.031808 0.979460 
0.031772 0.987855 
0.031737 0.994066 
0.031701 0.998080 
0.031665 0.999888 
0.031630 0.999486 
0.031594 0.996875 
0.031559 0.992061 
0.031523 0.985054 
0.031488 0.975870 
0.031452 0.964529 
0.031417 0.951057 
0.031381 0.935482 
0.031346 0.917839 
0.031311 0.898169 
0.031275 0.876513 
0.031240 0.852919 
0.031205 0.827441 
0.031169 0.800134 
0.031134 0.771058 
0.031099 0.740278 
0.031063 0.707862 
0.031028 0.673881 
0.030993 0.638411 
0.030958 0.601530 
0.030923 0.563320 
0.030888 0.523865 
0.030852 0.483251 
0.030817 0.441570 
0.030782 0.398912 
0.030747 0.355373 
0.030712 0.311049 
0.030677 0.266037 
0.030642 0.220437 
0.030607 0.174350 
0.030572 0.127877 
0.030537 0.081122 
0.030502 0.034188 
0.028140 0.068335 
0.028106 0.115149 
0.028073 0.161709 
0.028039 0.207912 
0.028005 0.253655 
0.027972 0.298837 
0.027939 0.343359 
0.027905 0.387122 
0.027872 0.430029 
0.027838 0.471986 
0.027805 0.512899 
0.027772 0.552679 
0.027738 0.591238 
0.027705 0.628490 
0.027672 0.664352 
0.027638 0.698747 
0.027605 0.731597 
0.027572 0.762830 
0.027539 0.792377 
0.027506 0.820172 
0.027472 0.846155 
0.027439 0.870268 
0.027406 0.892457 
0.027373 0.912674 
0.027340 0.930874 
0.027307 0.947016 
0.027274 0.961065 
0.027241 0.972990 
0.027208 0.982765 
0.027175 0.990367 
0.027142 0.995780 
0.027109 0.998993 
0.027076 0.999998 
0.027043 0.998792 
0.027010 0.995379 
0.026977 0.989766 
0.026944 0.981965 
0.026911 0.971995 
0.026879 0.959875 
0.026846 0.945634 
0.026813 0.929304 
0.026780 0.910919 
0.026747 0.890521 
0.026715 0.868155 
0.026682 0.843870 
0.026649 0.817719 
0.026617 0.789762 
0.026584 0.760059 
0.026551 0.728676 
0.026519 0.695683 
0.026486 0.661152 
0.026454 0.625159 
0.026421 0.587785 
0.026389 0.549112 
0.026356 0.509225 
0.026324 0.468213 
0.026291 0.426166 
0.026259 0.383177 
0.026226 0.339341 
0.026194 0.294755 
0.026161 0.249518 
0.026129 0.203729 
0.026097 0.157490 
0.026064 0.110903 
0.026032 0.064070 
0.023851 0.038459 
0.023820 0.085381 
0.023789 0.132115 
0.023758 0.178557 
0.023727 0.224604 
0.023696 0.270155 
0.023665 0.315108 
0.023635 0.359365 
0.023604 0.402828 
0.023573 0.445401 
0.023542 0.486989 
0.023512 0.527501 
0.023481 0.566846 
0.023450 0.604940 
0.023420 0.641696 
0.023389 0.677033 
0.023358 0.710875 
0.023328 0.743145 
0.023297 0.773773 
0.023267 0.802690 
0.023236 0.829833 
0.023206 0.855143 
0.023175 0.878562 
0.023144 0.900040 
0.023114 0.919528 
0.023084 0.936984 
0.023053 0.952369 
0.023023 0.965649 
0.022992 0.976794 
0.022962 0.985781 
0.022932 0.992589 
0.022901 0.997204 
0.022871 0.999614 
0.022841 0.999815 
0.022810 0.997806 
0.022780 0.993592 
0.022750 0.987182 
0.022720 0.978590 
0.022690 0.967835 
0.022659 0.954941 
0.022629 0.939936 
0.022599 0.922854 
0.022569 0.903732 
0.022539 0.882613 
0.022509 0.859543 
0.022479 0.834573 
0.022449 0.807759 
0.022419 0.779159 
0.022389 0.748838 
0.022359 0.716861 
0.022329 0.683300 
0.022299 0.648228 
0.022269 0.611724 
0.022239 0.573868 
0.022209 0.534744 
0.022179 0.494437 
0.022150 0.453038 
0.022120 0.410638 
0.022090 0.367330 
0.022060 0.323210 
0.022030 0.278375 
0.022001 0.232926 
0.021971 0.186961 
0.021941 0.140584 
0.021912 0.093896 
0.021882 0.047000 
0.019884 0.055537 
0.019856 0.102403 
0.019827 0.149042 
0.019799 0.195352 
0.019771 0.241231 
0.019743 0.286576 
0.019715 0.331287 
0.019687 0.375267 
0.019659 0.418417 
0.019630 0.460642 
0.019602 0.501850 
0.019574 0.541948 
0.019546 0.580848 
0.019518 0.618464 
0.019490 0.654714 
0.019462 0.689516 
0.019434 0.722795 
0.019406 0.754476 
0.019378 0.784489 
0.019350 0.812769 
0.019323 0.839252 
0.019295 0.863880 
0.019267 0.886599 
0.019239 0.907359 
0.019211 0.926113 
0.019183 0.942820 
0.019156 0.957443 
0.019128 0.969950 
0.019100 0.980313 
0.019073 0.988510 
0.019045 0.994522 
0.019017 0.998336 
0.018990 0.999943 
0.018962 0.999340 
0.018934 0.996529 
0.018907 0.991514 
0.018879 0.984309 
0.018852 0.974928 
0.018824 0.963392 
0.018797 0.949727 
0.018769 0.933963 
0.018742 0.916134 
0.018714 0.896281 
0.018687 0.874447 
0.018659 0.850680 
0.018632 0.825033 
0.018605 0.797562 
0.018577 0.768329 
0.018550 0.737398 
0.018523 0.704836 
0.018495 0.670717 
0.018468 0.635116 
0.018441 0.598111 
0.018414 0.559783 
0.018386 0.520219 
0.018359 0.479505 
0.018332 0.437731 
0.018305 0.394989 
0.018278 0.351375 
0.018251 0.306984 
0.018224 0.261914 
0.018197 0.216266 
0.018169 0.170139 
0.018142 0.123637 
0.018115 0.076861 
0.018088 0.029915 
0.016300 0.025643 
0.016275 0.072599 
0.016249 0.119394 
0.016223 0.165926 
0.016198 0.212091 
0.016172 0.257787 
0.016147 0.302913 
0.016121 0.347370 
0.016096 0.391059 
0.016070 0.433884 
0.016045 0.475750 
0.016020 0.516564 
0.015994 0.556236 
0.015969 0.594680 
0.015943 0.631808 
0.015918 0.667541 
0.015893 0.701798 
0.015868 0.734504 
0.015842 0.765586 
0.015817 0.794977 
0.015792 0.822610 
0.015767 0.848425 
0.015741 0.872365 
0.015716 0.894377 
0.015691 0.914413 
0.015666 0.932427 
0.015641 0.948380 
0.015616 0.962237 
0.015591 0.973968 
0.015566 0.983546 
0.015541 0.990950 
0.015516 0.996164 
0.015491 0.999176 
0.015466 0.999979 
0.015441 0.998573 
0.015416 0.994960 
0.015391 0.989147 
0.015366 0.981148 
0.015341 0.970981 
0.015316 0.958668 
0.015291 0.944236 
0.015267 0.927717 
0.015242 0.909147 
0.015217 0.888568 
0.015192 0.866025 
0.015168 0.841569 
0.015143 0.815252 
0.015118 0.787133 
0.015093 0.757274 
0.015069 0.725742 
0.015044 0.692606 
0.015020 0.657939 
0.014995 0.621817 
0.014970 0.584322 
0.014946 0.545535 
0.014921 0.505542 
0.014897 0.464432 
0.014872 0.422295 
0.014848 0.379225 
0.014823 0.335317 
0.014799 0.290668 
0.014775 0.245376 
0.014750 0.199542 
0.014726 0.153267 
0.014701 0.106654 
0.014677 0.059804 
0.013047 0.042730 
0.013024 0.089639 
0.013001 0.136351 
0.012978 0.182761 
0.012955 0.228767 
0.012932 0.274268 
0.012909 0.319162 
0.012887 0.363351 
0.012864 0.406737 
0.012841 0.449224 
0.012818 0.490718 
0.012796 0.531127 
0.012773 0.570363 
0.012750 0.608337 
0.012727 0.644968 
0.012705 0.680173 
0.012682 0.713874 
0.012660 0.745998 
0.012637 0.776473 
0.012614 0.805232 
0.012592 0.832211 
0.012569 0.857351 
0.012547 0.880596 
0.012524 0.901894 
0.012502 0.921199 
0.012479 0.938468 
0.012457 0.953663 
0.012435 0.966751 
0.012412 0.977701 
0.012390 0.986491 
0.012367 0.993100 
0.012345 0.997514 
0.012323 0.999724 
0.012300 0.999724 
0.012278 0.997514 
0.012256 0.993100 
0.012234 0.986491 
0.012212 0.977701 
0.012189 0.966751 
0.012167 0.953663 
0.012145 0.938468 
0.012123 0.921199 
0.012101 0.901894 
0.012079 0.880596 
0.012057 0.857351 
0.012035 0.832211 
0.012013 0.805232 
0.011991 0.776473 
0.011969 0.745998 
0.011947 0.713874 
0.011925 0.680173 
0.011903 0.644968 
0.011881 0.608337 
0.011859 0.570363 
0.011837 0.531127 
0.011815 0.490718 
0.011793 0.449224 
0.011772 0.406737 
0.011750 0.363351 
0.011728 0.319162 
0.011706 0.274268 
0.011685 0.228767 
0.011663 0.182761 
0.011641 0.136351 
0.011620 0.089639 
0.011598 0.042730 
0.010173 0.012822 
0.010153 0.059804 
0.010133 0.106654 
0.010112 0.153267 
0.010092 0.199542 
0.010072 0.245376 
0.010052 0.290668 
0.010032 0.335317 
0.010011 0.379225 
0.009991 0.422295 
0.009971 0.464432 
0.009951 0.505542 
0.009931 0.545535 
0.009911 0.584322 
0.009891 0.621817 
0.009871 0.657939 
0.009851 0.692606 
0.009831 0.725742 
0.009811 0.757274 
0.009791 0.787133 
0.009772 0.815252 
0.009752 0.841569 
0.009732 0.866025 
0.009712 0.888568 
0.009692 0.909147 
0.009673 0.927717 
0.009653 0.944236 
0.009633 0.958668 
0.009613 0.970981 
0.009594 0.981148 
0.009574 0.989147 
0.009554 0.994960 
0.009535 0.998573 
0.009515 0.999979 
0.009495 0.999176 
0.009476 0.996164 
0.009456 0.990950 
0.009437 0.983546 
0.009417 0.973968 
0.009398 0.962237 
0.009378 0.948380 
0.009359 0.932427 
0.009339 0.914413 
0.009320 0.894377 
0.009301 0.872365 
0.009281 0.848425 
0.009262 0.822610 
0.009242 0.794977 
0.009223 0.765586 
0.009204 0.734504 
0.009185 0.701798 
0.009165 0.667541 
0.009146 0.631808 
0.009127 0.594680 
0.009108 0.556236 
0.009089 0.516564 
0.009069 0.475750 
0.009050 0.433884 
0.009031 0.391059 
0.009012 0.347370 
0.008993 0.302913 
0.008974 0.257787 
0.008955 0.212091 
0.008936 0.165926 
0.008917 0.119394 
0.008898 0.072599 
0.008879 0.025643 
0.007637 0.029915 
0.007620 0.076861 
0.007602 0.123637 
0.007585 0.170139 
0.007567 0.216266 
0.007550 0.261914 
0.007532 0.306984 
0.007515 0.351375 
0.007497 0.394989 
0.007480 0.437731 
0.007463 0.479505 
0.007445 0.520219 
0.007428 0.559783 
0.007411 0.598111 
0.007393 0.635116 
0.007376 0.670717 
0.007359 0.704836 
0.007341 0.737398 
0.007324 0.768329 
0.007307 0.797562 
0.007290 0.825033 
0.007273 0.850680 
0.007255 0.874447 
0.007238 0.896281 
0.007221 0.916134 
0.007204 0.933963 
0.007187 0.949727 
0.007170 0.963392 
0.007153 0.974928 
0.007136 0.984309 
0.007119 0.991514 
0.007102 0.996529 
0.007085 0.999340 
0.007068 0.999943 
0.007051 0.998336 
0.007034 0.994522 
0.007018 0.988510 
0.007001 0.980313 
0.006984 0.969950 
0.006967 0.957443 
0.006950 0.942820 
0.006934 0.926113 
0.006917 0.907359 
0.006900 0.886599 
0.006884 0.863880 
0.006867 0.839252 
0.006850 0.812769 
0.006833 0.784489 
0.006817 0.754476 
0.006800 0.722795 
0.006784 0.689516 
0.006767 0.654714 
0.006751 0.618464 
0.006734 0.580848 
0.006718 0.541948 
0.006701 0.501850 
0.006685 0.460642 
0.006668 0.418417 
0.006652 0.375267 
0.006635 0.331287 
0.006619 0.286576 
0.006603 0.241231 
0.006586 0.195352 
0.006570 0.149042 
0.006554 0.102403 
0.006537 0.055537 
0.006521 0.008548 
0.005463 0.047000 
0.005448 0.093896 
0.005433 0.140584 
0.005419 0.186961 
0.005404 0.232926 
0.005389 0.278375 
0.005374 0.323210 
0.005360 0.367330 
0.005345 0.410638 
0.005330 0.453038 
0.005315 0.494437 
0.005301 0.534744 
0.005286 0.573868 
0.005272 0.611724 
0.005257 0.648228 
0.005242 0.683300 
0.005228 0.716861 
0.005213 0.748838 
0.005199 0.779159 
0.005184 0.807759 
0.005170 0.834573 
0.005155 0.859543 
0.005141 0.882613 
0.005126 0.903732 
0.005112 0.922854 
0.005098 0.939936 
0.005083 0.954941 
0.005069 0.967835 
0.005055 0.978590 
0.005040 0.987182 
0.005026 0.993592 
0.005012 0.997806 
0.004998 0.999815 
0.004983 0.999614 
0.004969 0.997204 
0.004955 0.992589 
0.004941 0.985781 
0.004927 0.976794 
0.004913 0.965649 
0.004899 0.952369 
0.004884 0.936984 
0.004870 0.919528 
0.004856 0.900040 
0.004842 0.878562 
0.004828 0.855143 
0.004814 0.829833 
0.004800 0.802690 
0.004786 0.773773 
0.004773 0.743145 
0.004759 0.710875 
0.004745 0.677033 
0.004731 0.641696 
0.004717 0.604940 
0.004703 0.566846 
0.004690 0.527501 
0.004676 0.486989 
0.004662 0.445401 
0.004648 0.402828 
0.004635 0.359365 
0.004621 0.315108 
0.004607 0.270155 
0.004594 0.224604 
0.004580 0.178557 
0.004566 0.132115 
0.004553 0.085381 
0.004539 0.038459 
0.003664 0.017096 
0.003652 0.064070 
0.003640 0.110903 
0.003627 0.157490 
0.003615 0.203729 
0.003603 0.249518 
0.003591 0.294755 
0.003579 0.339341 
0.003567 0.383177 
0.003555 0.426166 
0.003543 0.468213 
0.003531 0.509225 
0.003519 0.549112 
0.003507 0.587785 
0.003495 0.625159 
0.003483 0.661152 
0.003471 0.695683 
0.003460 0.728676 
0.003448 0.760059 
0.003436 0.789762 
0.003424 0.817719 
0.003412 0.843870 
0.003401 0.868155 
0.003389 0.890521 
0.003377 0.910919 
0.003366 0.929304 
0.003354 0.945634 
0.003342 0.959875 
0.003331 0.971995 
0.003319 0.981965 
0.003307 0.989766 
0.003296 0.995379 
0.003284 0.998792 
0.003273 0.999998 
0.003261 0.998993 
0.003250 0.995780 
0.003238 0.990367 
0.003227 0.982765 
0.003215 0.972990 
0.003204 0.961065 
0.003193 0.947016 
0.003181 0.930874 
0.003170 0.912674 
0.003159 0.892457 
0.003147 0.870268 
0.003136 0.846155 
0.003125 0.820172 
0.003114 0.792377 
0.003102 0.762830 
0.003091 0.731597 
0.003080 0.698747 
0.003069 0.664352 
0.003058 0.628490 
0.003046 0.591238 
0.003035 0.552679 
0.003024 0.512899 
0.003013 0.471986 
0.003002 0.430029 
0.002991 0.387122 
0.002980 0.343359 
0.002969 0.298837 
0.002958 0.253655 
0.002947 0.207912 
0.002936 0.161709 
0.002925 0.115149 
0.002915 0.068335 
0.002904 0.021370 
0.002213 0.034188 
0.002203 0.081122 
0.002194 0.127877 
0.002184 0.174350 
0.002175 0.220437 
0.002166 0.266037 
0.002156 0.311049 
0.002147 0.355373 
0.002138 0.398912 
0.002128 0.441570 
0.002119 0.483251 
0.002110 0.523865 
0.002101 0.563320 
0.002091 0.601530 
0.002082 0.638411 
0.002073 0.673881 
0.002064 0.707862 
0.002055 0.740278 
0.002046 0.771058 
0.002036 0.800134 
0.002027 0.827441 
0.002018 0.852919 
0.002009 0.876513 
0.002000 0.898169 
0.001991 0.917839 
0.001982 0.935482 
0.001973 0.951057 
0.001964 0.964529 
0.001955 0.975870 
0.001947 0.985054 
0.001938 0.992061 
0.001929 0.996875 
0.001920 0.999486 
0.001911 0.999888 
0.001902 0.998080 
0.001894 0.994066 
0.001885 0.987855 
0.001876 0.979460 
0.001867 0.968901 
0.001859 0.956201 
0.001850 0.941386 
0.001841 0.924492 
0.001833 0.905554 
0.001824 0.884614 
0.001815 0.861720 
0.001807 0.836920 
0.001798 0.810271 
0.001790 0.781832 
0.001781 0.751664 
0.001773 0.719835 
0.001764 0.686414 
0.001756 0.651477 
0.001748 0.615100 
0.001739 0.577363 
0.001731 0.538351 
0.001722 0.498148 
0.001714 0.456844 
0.001706 0.414531 
0.001697 0.371302 
0.001689 0.327252 
0.001681 0.282478 
0.001673 0.237080 
0.001664 0.191159 
0.001656 0.144814 
0.001648 0.098150 
0.001640 0.051269 
0.001632 0.004274 
0.001132 0.004274 
0.001125 0.051269 
0.001119 0.098150 
0.001112 0.144814 
0.001105 0.191159 
0.001098 0.237080 
0.001092 0.282478 
0.001085 0.327252 
0.001078 0.371302 
0.001072 0.414531 
0.001065 0.456844 
0.001059 0.498148 
0.001052 0.538351 
0.001046 0.577363 
0.001039 0.615100 
0.001033 0.651477 
0.001026 0.686414 
0.001020 0.719835 
0.001013 0.751664 
0.001007 0.781832 
0.001001 0.810271 
0.000994 0.836920 
0.000988 0.861720 
0.000982 0.884614 
0.000975 0.905554 
0.000969 0.924492 
0.000963 0.941386 
0.000956 0.956201 
0.000950 0.968901 
0.000944 0.979460 
0.000938 0.987855 
0.000932 0.994066 
0.000926 0.998080 
0.000919 0.999888 
0.000913 0.999486 
0.000907 0.996875 
0.000901 0.992061 
0.000895 0.985054 
0.000889 0.975870 
0.000883 0.964529 
0.000877 0.951057 
0.000871 0.935482 
0.000865 0.917839 
0.000859 0.898169 
0.000853 0.876513 
0.000848 0.852919 
0.000842 0.827441 
0.000836 0.800134 
0.000830 0.771058 
0.000824 0.740278 
0.000819 0.707862 
0.000813 0.673881 
0.000807 0.638411 
0.000801 0.601530 
0.000796 0.563320 
0.000790 0.523865 
0.000784 0.483251 
0.000779 0.441570 
0.000773 0.398912 
0.000767 0.355373 
0.000762 0.311049 
0.000756 0.266037 
0.000751 0.220437 
0.000745 0.174350 
0.000740 0.127877 
0.000734 0.081122 
0.000729 0.034188 
0.000406 0.021370 
0.000402 0.068335 
0.000398 0.115149 
0.000394 0.161709 
0.000390 0.207912 
0.000386 0.253655 
0.000382 0.298837 
0.000378 0.343359 
0.000374 0.387122 
0.000370 0.430029 
0.000366 0.471986 
0.000363 0.512899 
0.000359 0.552679 
0.000355 0.591238 
0.000351 0.628490 
0.000347 0.664352 
0.000344 0.698747 
0.000340 0.731597 
0.000336 0.762830 
0.000332 0.792377 
0.000329 0.820172 
0.000325 0.846155 
0.000322 0.870268 
0.000318 0.892457 
0.000314 0.912674 
0.000311 0.930874 
0.000307 0.947016 
0.000304 0.961065 
0.000300 0.972990 
0.000297 0.982765 
0.000293 0.990367 
0.000290 0.995780 
0.000286 0.998993 
0.000283 0.999998 
0.000280 0.998792 
0.000276 0.995379 
0.000273 0.989766 
0.000270 0.981965 
0.000266 0.971995 
0.000263 0.959875 
0.000260 0.945634 
0.000257 0.929304 
0.000253 0.910919 
0.000250 0.890521 
0.000247 0.868155 
0.000244 0.843870 
0.000241 0.817719 
0.000238 0.789762 
0.000234 0.760059 
0.000231 0.728676 
0.000228 0.695683 
0.000225 0.661152 
0.000222 0.625159 
0.000219 0.587785 
0.000216 0.549112 
0.000213 0.509225 
0.000210 0.468213 
0.000208 0.426166 
0.000205 0.383177 
0.000202 0.339341 
0.000199 0.294755 
0.000196 0.249518 
0.000193 0.203729 
0.000190 0.157490 
0.000188 0.110903 
0.000185 0.064070 
0.000182 0.017096 
0.000044 0.038459 
0.000043 0.085381 
0.000042 0.132115 
0.000040 0.178557 
0.000039 0.224604 
0.000038 0.270155 
0.000037 0.315108 
0.000035 0.359365 
0.000034 0.402828 
0.000033 0.445401 
0.000032 0.486989 
0.000031 0.527501 
0.000030 0.566846 
0.000028 0.604940 
0.000027 0.641696 
0.000026 0.677033 
0.000025 0.710875 
0.000024 0.743145 
0.000023 0.773773 
0.000022 0.802690 
0.000021 0.829833 
0.000021 0.855143 
0.000020 0.878562 
0.000019 0.900040 
0.000018 0.919528 
0.000017 0.936984 
0.000016 0.952369 
0.000015 0.965649 
0.000015 0.976794 
0.000014 0.985781 
0.000013 0.992589 
0.000012 0.997204 
0.000012 0.999614 
0.000011 0.999815 
0.000010 0.997806 
0.000010 0.993592 
0.000009 0.987182 
0.000009 0.978590 
0.000008 0.967835 
0.000007 0.954941 
0.000007 0.939936 
0.000006 0.922854 
0.000006 0.903732 
0.000005 0.882613 
0.000005 0.859543 
0.000004 0.834573 
0.000004 0.807759 
0.000004 0.779159 
0.000003 0.748838 
0.000003 0.716861 
0.000003 0.683300 
0.000002 0.648228 
0.000002 0.611724 
0.000002 0.573868 
0.000001 0.534744 
0.000001 0.494437 
0.000001 0.453038 
0.000001 0.410638 
0.000001 0.367330 
0.000000 0.323210 
0.000000 0.278375 
0.000000 0.232926 
0.000000 0.186961 
0.000000 0.140584 
0.000000 0.093896 
0.000000 0.047000 
0.000046 0.008548 
0.000047 0.055537 
0.000048 0.102403 
0.000050 0.149042 
0.000051 0.195352 
0.000053 0.241231 
0.000054 0.286576 
0.000056 0.331287 
0.000057 0.375267 
0.000059 0.418417 
0.000060 0.460642 
0.000062 0.501850 
0.000063 0.541948 
0.000065 0.580848 
0.000067 0.618464 
0.000068 0.654714 
0.000070 0.689516 
0.000072 0.722795 
0.000073 0.754476 
0.000075 0.784489 
0.000077 0.812769 
0.000079 0.839252 
0.000080 0.863880 
0.000082 0.886599 
0.000084 0.907359 
0.000086 0.926113 
0.000088 0.942820 
0.000090 0.957443 
0.000092 0.969950 
0.000094 0.980313 
0.000095 0.988510 
0.000097 0.994522 
0.000099 0.998336 
0.000102 0.999943 
0.000104 0.999340 
0.000106 0.996529 
0.000108 0.991514 
0.000110 0.984309 
0.000112 0.974928 
0.000114 0.963392 
0.000116 0.949727 
0.000118 0.933963 
0.000121 0.916134 
0.000123 0.896281 
0.000125 0.874447 
0.000127 0.850680 
0.000130 0.825033 
0.000132 0.797562 
0.000134 0.768329 
0.000137 0.737398 
0.000139 0.704836 
0.000141 0.670717 
0.000144 0.635116 
0.000146 0.598111 
0.000149 0.559783 
0.000151 0.520219 
0.000154 0.479505 
0.000156 0.437731 
0.000159 0.394989 
0.000161 0.351375 
0.000164 0.306984 
0.000166 0.261914 
0.000169 0.216266 
0.000172 0.170139 
0.000174 0.123637 
0.000177 0.076861 
0.000180 0.029915 
0.000410 0.025643 
0.000414 0.072599 
0.000418 0.119394 
0.000422 0.165926 
0.000427 0.212091 
0.000431 0.257787 
0.000435 0.302913 
0.000439 0.347370 
0.000443 0.391059 
0.000448 0.433884 
0.000452 0.475750 
0.000456 0.516564 
0.000460 0.556236 
0.000465 0.594680 
0.000469 0.631808 
0.000473 0.667541 
0.000478 0.701798 
0.000482 0.734504 
0.000487 0.765586 
0.000491 0.794977 
0.000496 0.822610 
0.000500 0.848425 
0.000505 0.872365 
0.000509 0.894377 
0.000514 0.914413 
0.000518 0.932427 
0.000523 0.948380 
0.000528 0.962237 
0.000532 0.973968 
0.000537 0.983546 
0.000542 0.990950 
0.000546 0.996164 
0.000551 0.999176 
0.000556 0.999979 
0.000560 0.998573 
0.000565 0.994960 
0.000570 0.989147 
0.000575 0.981148 
0.000580 0.970981 
0.000585 0.958668 
0.000589 0.944236 
0.000594 0.927717 
0.000599 0.909147 
0.000604 0.888568 
0.000609 0.866025 
0.000614 0.841569 
0.000619 0.815252 
0.000624 0.787133 
0.000629 0.757274 
0.000634 0.725742 
0.000639 0.692606 
0.000645 0.657939 
0.000650 0.621817 
0.000655 0.584322 
0.000660 0.545535 
0.000665 0.505542 
0.000670 0.464432 
0.000675 0.422295 
0.000681 0.379225 
0.000686 0.335317 
0.000691 0.290668 
0.000697 0.245376 
0.000702 0.199542 
0.000707 0.153267 
0.000713 0.106654 
0.000718 0.059804 
0.000723 0.012822 
0.001139 0.042730 
0.001146 0.089639 
0.001152 0.136351 
0.001159 0.182761 
0.001166 0.228767 
0.001173 0.274268 
0.001180 0.319162 
0.001187 0.363351 
0.001194 0.406737 
0.001201 0.449224 
0.001208 0.490718 
0.001215 0.531127 
0.001222 0.570363 
0.001229 0.608337 
0.001236 0.644968 
0.001243 0.680173 
0.001250 0.713874 
0.001257 0.745998 
0.001264 0.776473 
0.001272 0.805232 
0.001279 0.832211 
0.001286 0.857351 
0.001293 0.880596 
0.001301 0.901894 
0.001308 0.921199 
0.001315 0.938468 
0.001322 0.953663 
0.001330 0.966751 
0.001337 0.977701 
0.001345 0.986491 
0.001352 0.993100 
0.001359 0.997514 
0.001367 0.999724 
0.001374 0.999724 
0.001382 0.997514 
0.001389 0.993100 
0.001397 0.986491 
0.001404 0.977701 
0.001412 0.966751 
0.001419 0.953663 
0.001427 0.938468 
0.001435 0.921199 
0.001442 0.901894 
0.001450 0.880596 
0.001458 0.857351 
0.001465 0.832211 
0.001473 0.805232 
0.001481 0.776473 
0.001489 0.745998 
0.001496 0.713874 
0.001504 0.680173 
0.001512 0.644968 
0.001520 0.608337 
0.001528 0.570363 
0.001535 0.531127 
0.001543 0.490718 
0.001551 0.449224 
0.001559 0.406737 
0.001567 0.363351 
0.001575 0.319162 
0.001583 0.274268 
0.001591 0.228767 
0.001599 0.182761 
0.001607 0.136351 
0.001615 0.089639 
0.001624 0.042730 
0.002222 0.012822 
0.002232 0.059804 
0.002241 0.106654 
0.002251 0.153267 
0.002260 0.199542 
0.002270 0.245376 
0.002280 0.290668 
0.002289 0.335317 
0.002299 0.379225 
0.002308 0.422295 
0.002318 0.464432 
0.002328 0.505542 
0.002338 0.545535 
0.002347 0.584322 
0.002357 0.621817 
0.002367 0.657939 
0.002377 0.692606 
0.002387 0.725742 
0.002396 0.757274 
0.002406 0.787133 
0.002416 0.815252 
0.002426 0.841569 
0.002436 0.866025 
0.002446 0.888568 
0.002456 0.909147 
0.002466 0.927717 
0.002476 0.944236 
0.002486 0.958668 
0.002496 0.970981 
0.002506 0.981148 
0.002516 0.989147 
0.002526 0.994960 
0.002536 0.998573 
0.002546 0.999979 
0.002557 0.999176 
0.002567 0.996164 
0.002577 0.990950 
0.002587 0.983546 
0.002598 0.973968 
0.002608 0.962237 
0.002618 0.948380 
0.002628 0.932427 
0.002639 0.914413 
0.002649 0.894377 
0.002659 0.872365 
0.002670 0.848425 
0.002680 0.822610 
0.002691 0.794977 
0.002701 0.765586 
0.002712 0.734504 
0.002722 0.701798 
0.002733 0.667541 
0.002743 0.631808 
0.002754 0.594680 
0.002764 0.556236 
0.002775 0.516564 
0.002786 0.475750 
0.002796 0.433884 
0.002807 0.391059 
0.002818 0.347370 
0.002828 0.302913 
0.002839 0.257787 
0.002850 0.212091 
0.002860 0.165926 
0.002871 0.119394 
0.002882 0.072599 
0.002893 0.025643 
0.003676 0.029915 
0.003688 0.076861 
0.003700 0.123637 
0.003713 0.170139 
0.003725 0.216266 
0.003737 0.261914 
0.003750 0.306984 
0.003762 0.351375 
0.003774 0.394989 
0.003787 0.437731 
0.003799 0.479505 
0.003812 0.520219 
0.003824 0.559783 
0.003836 0.598111 
0.003849 0.635116 
0.003861 0.670717 
0.003874 0.704836 
0.003886 0.737398 
0.003899 0.768329 
0.003912 0.797562 
0.003924 0.825033 
0.003937 0.850680 
0.003949 0.874447 
0.003962 0.896281 
0.003975 0.916134 
0.003987 0.933963 
0.004000 0.949727 
0.004013 0.963392 
0.004026 0.974928 
0.004039 0.984309 
0.004051 0.991514 
0.004064 0.996529 
0.004077 0.999340 
0.004090 0.999943 
0.004103 0.998336 
0.004116 0.994522 
0.004129 0.988510 
0.004141 0.980313 
0.004154 0.969950 
0.004167 0.957443 
0.004180 0.942820 
0.004193 0.926113 
0.004206 0.907359 
0.004220 0.886599 
0.004233 0.863880 
0.004246 0.839252 
0.004259 0.812769 
0.004272 0.784489 
0.004285 0.754476 
0.004298 0.722795 
0.004312 0.689516 
0.004325 0.654714 
0.004338 0.618464 
0.004351 0.580848 
0.004365 0.541948 
0.004378 0.501850 
0.004391 0.460642 
0.004405 0.418417 
0.004418 0.375267 
0.004431 0.331287 
0.004445 0.286576 
0.004458 0.241231 
0.004472 0.195352 
0.004485 0.149042 
0.004499 0.102403 
0.004512 0.055537 
0.004526 0.008548 
0.005493 0.047000 
0.005508 0.093896 
0.005523 0.140584 
0.005538 0.186961 
0.005553 0.232926 
0.005568 0.278375 
0.005583 0.323210 
0.005598 0.367330 
0.005613 0.410638 
0.005628 0.453038 
0.005643 0.494437 
0.005658 0.534744 
0.005673 0.573868 
0.005689 0.611724 
0.005704 0.648228 
0.005719 0.683300 
0.005734 0.716861 
0.005749 0.748838 
0.005765 0.779159 
0.005780 0.807759 
0.005795 0.834573 
0.005811 0.859543 
0.005826 0.882613 
0.005841 0.903732 
0.005857 0.922854 
0.005872 0.939936 
0.005888 0.954941 
0.005903 0.967835 
0.005919 0.978590 
0.005934 0.987182 
0.005949 0.993592 
0.005965 0.997806 
0.005981 0.999815 
0.005996 0.999614 
0.006012 0.997204 
0.006027 0.992589 
0.006043 0.985781 
0.006059 0.976794 
0.006074 0.965649 
0.006090 0.952369 
0.006106 0.936984 
0.006121 0.919528 
0.006137 0.900040 
0.006153 0.878562 
0.006169 0.855143 
0.006185 0.829833 
0.006200 0.802690 
0.006216 0.773773 
0.006232 0.743145 
0.006248 0.710875 
0.006264 0.677033 
0.006280 0.641696 
0.006296 0.604940 
0.006312 0.566846 
0.006328 0.527501 
0.006344 0.486989 
0.006360 0.445401 
0.006376 0.402828 
0.006392 0.359365 
0.006408 0.315108 
0.006424 0.270155 
0.006440 0.224604 
0.006456 0.178557 
0.006473 0.132115 
0.006489 0.085381 
0.006505 0.038459 
0.007655 0.017096 
0.007672 0.064070 
0.007690 0.110903 
0.007708 0.157490 
0.007725 0.203729 
0.007743 0.249518 
0.007761 0.294755 
0.007779 0.339341 
0.007796 0.383177 
0.007814 0.426166 
0.007832 0.468213 
0.007850 0.509225 
0.007867 0.549112 
0.007885 0.587785 
0.007903 0.625159 
0.007921 0.661152 
0.007939 0.695683 
0.007957 0.728676 
0.007975 0.760059 
0.007993 0.789762 
0.008011 0.817719 
0.008029 0.843870 
0.008047 0.868155 
0.008065 0.890521 
0.008083 0.910919 
0.008101 0.929304 
0.008119 0.945634 
0.008137 0.959875 
0.008155 0.971995 
0.008174 0.981965 
0.008192 0.989766 
0.008210 0.995379 
0.008228 0.998792 
0.008246 0.999998 
0.008265 0.998993 
0.008283 0.995780 
0.008301 0.990367 
0.008320 0.982765 
0.008338 0.972990 
0.008356 0.961065 
0.008375 0.947016 
0.008393 0.930874 
0.008412 0.912674 
0.008430 0.892457 
0.008449 0.870268 
0.008467 0.846155 
0.008486 0.820172 
0.008504 0.792377 
0.008523 0.762830 
0.008541 0.731597 
0.008560 0.698747 
0.008578 0.664352 
0.008597 0.628490 
0.008616 0.591238 
0.008634 0.552679 
0.008653 0.512899 
0.008672 0.471986 
0.008690 0.430029 
0.008709 0.387122 
0.008728 0.343359 
0.008747 0.298837 
0.008766 0.253655 
0.008784 0.207912 
0.008803 0.161709 
0.008822 0.115149 
0.008841 0.068335 
0.008860 0.021370 
0.010193 0.034188 
0.010214 0.081122 
0.010234 0.127877 
0.010254 0.174350 
0.010275 0.220437 
0.010295 0.266037 
0.010315 0.311049 
0.010336 0.355373 
0.010356 0.398912 
0.010377 0.441570 
0.010397 0.483251 
0.010418 0.523865 
0.010438 0.563320 
0.010459 0.601530 
0.010479 0.638411 
0.010500 0.673881 
0.010521 0.707862 
0.010541 0.740278 
0.010562 0.771058 
0.010582 0.800134 
0.010603 0.827441 
0.010624 0.852919 
0.010645 0.876513 
0.010665 0.898169 
0.010686 0.917839 
0.010707 0.935482 
0.010728 0.951057 
0.010749 0.964529 
0.010769 0.975870 
0.010790 0.985054 
0.010811 0.992061 
0.010832 0.996875 
0.010853 0.999486 
0.010874 0.999888 
0.010895 0.998080 
0.010916 0.994066 
0.010937 0.987855 
0.010958 0.979460 
0.010979 0.968901 
0.011000 0.956201 
0.011021 0.941386 
0.011042 0.924492 
0.011063 0.905554 
0.011084 0.884614 
0.011106 0.861720 
0.011127 0.836920 
0.011148 0.810271 
0.011169 0.781832 
0.011190 0.751664 
0.011212 0.719835 
0.011233 0.686414 
0.011254 0.651477 
0.011276 0.615100 
0.011297 0.577363 
0.011318 0.538351 
0.011340 0.498148 
0.011361 0.456844 
0.011383 0.414531 
0.011404 0.371302 
0.011425 0.327252 
0.011447 0.282478 
0.011468 0.237080 
0.011490 0.191159 
0.011512 0.144814 
0.011533 0.098150 
0.011555 0.051269 
0.013093 0.051269 
0.013116 0.098150 
0.013139 0.144814 
0.013162 0.191159 
0.013185 0.237080 
0.013208 0.282478 
0.013231 0.327252 
0.013254 0.371302 
0.013277 0.414531 
0.013300 0.456844 
0.013323 0.498148 
0.013346 0.538351 
0.013370 0.577363 
0.013393 0.615100 
0.013416 0.651477 
0.013439 0.686414 
0.013463 0.719835 
0.013486 0.751664 
0.013509 0.781832 
0.013533 0.810271 
0.013556 0.836920 
0.013579 0.861720 
0.013603 0.884614 
0.013626 0.905554 
0.013650 0.924492 
0.013673 0.941386 
0.013697 0.956201 
0.013720 0.968901 
0.013744 0.979460 
0.013767 0.987855 
0.013791 0.994066 
0.013815 0.998080 
0.013838 0.999888 
0.013862 0.999486 
0.013885 0.996875 
0.013909 0.992061 
0.013933 0.985054 
0.013956 0.975870 
0.013980 0.964529 
0.014004 0.951057 
0.014028 0.935482 
0.014051 0.917839 
0.014075 0.898169 
0.014099 0.876513 
0.014123 0.852919 
0.014147 0.827441 
0.014171 0.800134 
0.014195 0.771058 
0.014219 0.740278 
0.014243 0.707862 
0.014267 0.673881 
0.014291 0.638411 
0.014315 0.601530 
0.014339 0.563320 
0.014363 0.523865 
0.014387 0.483251 
0.014411 0.441570 
0.014435 0.398912 
0.014459 0.355373 
0.014483 0.311049 
0.014507 0.266037 
0.014532 0.220437 
0.014556 0.174350 
0.014580 0.127877 
0.014604 0.081122 
0.014629 0.034188 
0.016326 0.021370 
0.016351 0.068335 
0.016377 0.115149 
0.016403 0.161709 
0.016429 0.207912 
0.016454 0.253655 
0.016480 0.298837 
0.016506 0.343359 
0.016532 0.387122 
0.016557 0.430029 
0.016583 0.471986 
0.016609 0.512899 
0.016635 0.552679 
0.016661 0.591238 
0.016687 0.628490 
0.016713 0.664352 
0.016739 0.698747 
0.016765 0.731597 
0.016791 0.762830 
0.016817 0.792377 
0.016843 0.820172 
0.016869 0.846155 
0.016895 0.870268 
0.016921 0.892457 
0.016947 0.912674 
0.016973 0.930874 
0.016999 0.947016 
0.017025 0.961065 
0.017052 0.972990 
0.017078 0.982765 
0.017104 0.990367 
0.017130 0.995780 
0.017156 0.998993 
0.017183 0.999998 
0.017209 0.998792 
0.017235 0.995379 
0.017262 0.989766 
0.017288 0.981965 
0.017315 0.971995 
0.017341 0.959875 
0.017367 0.945634 
0.017394 0.929304 
0.017420 0.910919 
0.017447 0.890521 
0.017473 0.868155 
0.017500 0.843870 
0.017526 0.817719 
0.017553 0.789762 
0.017579 0.760059 
0.017606 0.728676 
0.017633 0.695683 
0.017659 0.661152 
0.017686 0.625159 
0.017713 0.587785 
0.017739 0.549112 
0.017766 0.509225 
0.017793 0.468213 
0.017820 0.426166 
0.017846 0.383177 
0.017873 0.339341 
0.017900 0.294755 
0.017927 0.249518 
0.017954 0.203729 
0.017981 0.157490 
0.018008 0.110903 
0.018035 0.064070 
0.019941 0.038459 
0.019969 0.085381 
0.019997 0.132115 
0.020026 0.178557 
0.020054 0.224604 
0.020082 0.270155 
0.020111 0.315108 
0.020139 0.359365 
0.020168 0.402828 
0.020196 0.445401 
0.020225 0.486989 
0.020253 0.527501 
0.020282 0.566846 
0.020310 0.604940 
0.020339 0.641696 
0.020368 0.677033 
0.020396 0.710875 
0.020425 0.743145 
0.020453 0.773773 
0.020482 0.802690 
0.020511 0.829833 
0.020540 0.855143 
0.020568 0.878562 
0.020597 0.900040 
0.020626 0.919528 
0.020655 0.936984 
0.020683 0.952369 
0.020712 0.965649 
0.020741 0.976794 
0.020770 0.985781 
0.020799 0.992589 
0.020828 0.997204 
0.020857 0.999614 
0.020886 0.999815 
0.020915 0.997806 
0.020944 0.993592 
0.020973 0.987182 
0.021002 0.978590 
0.021031 0.967835 
0.021060 0.954941 
0.021089 0.939936 
0.021118 0.922854 
0.021147 0.903732 
0.021176 0.882613 
0.021205 0.859543 
0.021235 0.834573 
0.021264 0.807759 
0.021293 0.779159 
0.021322 0.748838 
0.021352 0.716861 
0.021381 0.683300 
0.021410 0.648228 
0.021440 0.611724 
0.021469 0.573868 
0.021498 0.534744 
0.021528 0.494437 
0.021557 0.453038 
0.021587 0.410638 
0.021616 0.367330 
0.021646 0.323210 
0.021675 0.278375 
0.021705 0.232926 
0.021734 0.186961 
0.021764 0.140584 
0.021793 0.093896 
0.021823 0.047000 
0.023913 0.055537 
0.023944 0.102403 
0.023975 0.149042 
0.024006 0.195352 
0.024037 0.241231 
0.024068 0.286576 
0.024099 0.331287 
0.024130 0.375267 
0.024161 0.418417 
0.024192 0.460642 
0.024223 0.501850 
0.024255 0.541948 
0.024286 0.580848 
0.024317 0.618464 
0.024348 0.654714 
0.024379 0.689516 
0.024411 0.722795 
0.024442 0.754476 
0.024473 0.784489 
0.024505 0.812769 
0.024536 0.839252 
0.024567 0.863880 
0.024599 0.886599 
0.024630 0.907359 
0.024662 0.926113 
0.024693 0.942820 
0.024725 0.957443 
0.024756 0.969950 
0.024788 0.980313 
0.024819 0.988510 
0.024851 0.994522 
0.024882 0.998336 
0.024914 0.999943 
0.024945 0.999340 
0.024977 0.996529 
0.025009 0.991514 
0.025040 0.984309 
0.025072 0.974928 
0.025104 0.963392 
0.025136 0.949727 
0.025167 0.933963 
0.025199 0.916134 
0.025231 0.896281 
0.025263 0.874447 
0.025294 0.850680 
0.025326 0.825033 
0.025358 0.797562 
0.025390 0.768329 
0.025422 0.737398 
0.025454 0.704836 
0.025486 0.670717 
0.025518 0.635116 
0.025550 0.598111 
0.025582 0.559783 
0.025614 0.520219 
0.025646 0.479505 
0.025678 0.437731 
0.025710 0.394989 
0.025742 0.351375 
0.025774 0.306984 
0.025806 0.261914 
0.025839 0.216266 
0.025871 0.170139 
0.025903 0.123637 
0.025935 0.076861 
0.025968 0.029915 
0.028240 0.072599 
0.028274 0.119394 
0.028308 0.165926 
0.028341 0.212091 
0.028375 0.257787 
0.028409 0.302913 
0.028442 0.347370 
0.028476 0.391059 
0.028510 0.433884 
0.028544 0.475750 
0.028578 0.516564 
0.028611 0.556236 
0.028645 0.594680 
0.028679 0.631808 
0.028713 0.667541 
0.028747 0.701798 
0.028781 0.734504 
0.028815 0.765586 
0.028849 0.794977 
0.028883 0.822610 
0.028917 0.848425 
0.028951 0.872365 
0.028985 0.894377 
0.029019 0.914413 
0.029053 0.932427 
0.029087 0.948380 
0.029121 0.962237 
0.029155 0.973968 
0.029189 0.983546 
0.029224 0.990950 
0.029258 0.996164 
0.029292 0.999176 
0.029326 0.999979 
0.029361 0.998573 
0.029395 0.994960 
0.029429 0.989147 
0.029463 0.981148 
0.029498 0.970981 
0.029532 0.958668 
0.029567 0.944236 
0.029601 0.927717 
0.029635 0.909147 
0.029670 0.888568 
0.029704 0.866025 
0.029739 0.841569 
0.029773 0.815252 
0.029808 0.787133 
0.029842 0.757274 
0.029877 0.725742 
0.029911 0.692606 
0.029946 0.657939 
0.029981 0.621817 
0.030015 0.584322 
0.030050 0.545535 
0.030085 0.505542 
0.030119 0.464432 
0.030154 0.422295 
0.030189 0.379225 
0.030223 0.335317 
0.030258 0.290668 
0.030293 0.245376 
0.030328 0.199542 
0.030363 0.153267 
0.030398 0.106654 
0.030432 0.059804 
0.032886 0.042730 
0.032922 0.089639 
0.032959 0.136351 
0.032995 0.182761 
0.033031 0.228767 
0.033068 0.274268 
0.033104 0.319162 
0.033140 0.363351 
0.033177 0.406737 
0.033213 0.449224 
0.033249 0.490718 
0.033286 0.531127 
0.033322 0.570363 
0.033359 0.608337 
0.033395 0.644968 
0.033432 0.680173 
0.033468 0.713874 
0.033505 0.745998 
0.033542 0.776473 
0.033578 0.805232 
0.033615 0.832211 
0.033651 0.857351 
0.033688 0.880596 
0.033725 0.901894 
0.033761 0.921199 
0.033798 0.938468 
0.033835 0.953663 
0.033872 0.966751 
0.033908 0.977701 
0.033945 0.986491 
0.033982 0.993100 
0.034019 0.997514 
0.034056 0.999724 
0.034093 0.999724 
0.034130 0.997514 
0.034166 0.993100 
0.034203 0.986491 
0.034240 0.977701 
0.034277 0.966751 
0.034314 0.953663 
0.034351 0.938468 
0.034388 0.921199 
0.034425 0.901894 
0.034462 0.880596 
0.034500 0.857351 
0.034537 0.832211 
0.034574 0.805232 
0.034611 0.776473 
0.034648 0.745998 
0.034685 0.713874 
0.034723 0.680173 
0.034760 0.644968 
0.034797 0.608337 
0.034834 0.570363 
0.034872 0.531127 
0.034909 0.490718 
0.034946 0.449224 
0.034984 0.406737 
0.035021 0.363351 
0.035058 0.319162 
0.035096 0.274268 
0.035133 0.228767 
0.035171 0.182761 
0.035208 0.136351 
0.035245 0.089639 
0.035283 0.042730 
0.037918 0.059804 
0.037957 0.106654 
0.037996 0.153267 
0.038035 0.199542 
0.038073 0.245376 
0.038112 0.290668 
0.038151 0.335317 
0.038190 0.379225 
0.038229 0.422295 
0.038268 0.464432 
0.038307 0.505542 
0.038347 0.545535 
0.038386 0.584322 
0.038425 0.621817 
0.038464 0.657939 
0.038503 0.692606 
0.038542 0.725742 
0.038581 0.757274 
0.038621 0.787133 
0.038660 0.815252 
0.038699 0.841569 
0.038738 0.866025 
0.038778 0.888568 
0.038817 0.909147 
0.038856 0.927717 
0.038896 0.944236 
0.038935 0.958668 
0.038974 0.970981 
0.039014 0.981148 
0.039053 0.989147 
0.039093 0.994960 
0.039132 0.998573 
0.039171 0.999979 
0.039211 0.999176 
0.039250 0.996164 
0.039290 0.990950 
0.039330 0.983546 
0.039369 0.973968 
0.039409 0.962237 
0.039448 0.948380 
0.039488 0.932427 
0.039528 0.914413 
0.039567 0.894377 
0.039607 0.872365 
0.039647 0.848425 
0.039686 0.822610 
0.039726 0.794977 
0.039766 0.765586 
0.039806 0.734504 
0.039846 0.701798 
0.039885 0.667541 
0.039925 0.631808 
0.039965 0.594680 
0.040005 0.556236 
0.040045 0.516564 
0.040085 0.475750 
0.040125 0.433884 
0.040165 0.391059 
0.040205 0.347370 
0.040245 0.302913 
0.040285 0.257787 
0.040325 0.212091 
0.040365 0.165926 
0.040405 0.119394 
0.040445 0.072599 
0.043300 0.076861 
0.043342 0.123637 
0.043383 0.170139 
0.043425 0.216266 
0.043466 0.261914 
0.043508 0.306984 
0.043550 0.351375 
0.043591 0.394989 
0.043633 0.437731 
0.043674 0.479505 
0.043716 0.520219 
0.043758 0.559783 
0.043799 0.598111 
0.043841 0.635116 
0.043883 0.670717 
0.043925 0.704836 
0.043966 0.737398 
0.044008 0.768329 
0.044050 0.797562 
0.044092 0.825033 
0.044134 0.850680 
0.044176 0.874447 
0.044217 0.896281 
0.044259 0.916134 
0.044301 0.933963 
0.044343 0.949727 
0.044385 0.963392 
0.044427 0.974928 
0.044469 0.984309 
0.044511 0.991514 
0.044553 0.996529 
0.044595 0.999340 
0.044637 0.999943 
0.044680 0.998336 
0.044722 0.994522 
0.044764 0.988510 
0.044806 0.980313 
0.044848 0.969950 
0.044890 0.957443 
0.044933 0.942820 
0.044975 0.926113 
0.045017 0.907359 
0.045059 0.886599 
0.045102 0.863880 
0.045144 0.839252 
0.045186 0.812769 
0.045229 0.784489 
0.045271 0.754476 
0.045313 0.722795 
0.045356 0.689516 
0.045398 0.654714 
0.045441 0.618464 
0.045483 0.580848 
0.045526 0.541948 
0.045568 0.501850 
0.045611 0.460642 
0.045653 0.418417 
0.045696 0.375267 
0.045738 0.331287 
0.045781 0.286576 
0.045824 0.241231 
0.045866 0.195352 
0.045909 0.149042 
0.045952 0.102403 
0.045994 0.055537 
0.049032 0.093896 
0.049076 0.140584 
0.049120 0.186961 
0.049164 0.232926 
0.049208 0.278375 
0.049252 0.323210 
0.049296 0.367330 
0.049340 0.410638 
0.049385 0.453038 
0.049429 0.494437 
0.049473 0.534744 
0.049517 0.573868 
0.049562 0.611724 
0.049606 0.648228 
0.049650 0.683300 
0.049695 0.716861 
0.049739 0.748838 
0.049783 0.779159 
0.049828 0.807759 
0.049872 0.834573 
0.049917 0.859543 
0.049961 0.882613 
0.050006 0.903732 
0.050050 0.922854 
0.050095 0.939936 
0.050139 0.954941 
0.050184 0.967835 
0.050228 0.978590 
0.050273 0.987182 
0.050318 0.993592 
0.050362 0.997806 
0.050407 0.999815 
0.050452 0.999614 
0.050496 0.997204 
0.050541 0.992589 
0.050586 0.985781 
0.050630 0.976794 
0.050675 0.965649 
0.050720 0.952369 
0.050765 0.936984 
0.050810 0.919528 
0.050855 0.900040 
0.050899 0.878562 
0.050944 0.855143 
0.050989 0.829833 
0.051034 0.802690 
0.051079 0.773773 
0.051124 0.743145 
0.051169 0.710875 
0.051214 0.677033 
0.051259 0.641696 
0.051304 0.604940 
0.051349 0.566846 
0.051394 0.527501 
0.051439 0.486989 
0.051484 0.445401 
0.051530 0.402828 
0.051575 0.359365 
0.051620 0.315108 
0.051665 0.270155 
0.051710 0.224604 
0.051755 0.178557 
0.051801 0.132115 
0.051846 0.085381 
0.055063 0.064070 
0.055109 0.110903 
0.055156 0.157490 
0.055203 0.203729 
0.055249 0.249518 
0.055296 0.294755 
0.055343 0.339341 
0.055390 0.383177 
0.055436 0.426166 
0.055483 0.468213 
0.055530 0.509225 
0.055577 0.549112 
0.055624 0.587785 
0.055670 0.625159 
0.055717 0.661152 
0.055764 0.695683 
0.055811 0.728676 
0.055858 0.760059 
0.055905 0.789762 
0.055952 0.817719 
0.055999 0.843870 
0.056046 0.868155 
0.056093 0.890521 
0.056140 0.910919 
0.056187 0.929304 
0.056234 0.945634 
0.056282 0.959875 
0.056329 0.971995 
0.056376 0.981965 
0.056423 0.989766 
0.056470 0.995379 
0.056517 0.998792 
0.056565 0.999998 
0.056612 0.998993 
0.056659 0.995780 
0.056706 0.990367 
0.056754 0.982765 
0.056801 0.972990 
0.056848 0.961065 
0.056896 0.947016 
0.056943 0.930874 
0.056991 0.912674 
0.057038 0.892457 
0.057085 0.870268 
0.057133 0.846155 
0.057180 0.820172 
0.057228 0.792377 
0.057275 0.762830 
0.057323 0.731597 
0.057370 0.698747 
0.057418 0.664352 
0.057466 0.628490 
0.057513 0.591238 
0.057561 0.552679 
0.057608 0.512899 
0.057656 0.471986 
0.057704 0.430029 
0.057752 0.387122 
0.057799 0.343359 
0.057847 0.298837 
0.057895 0.253655 
0.057943 0.207912 
0.057990 0.161709 
0.058038 0.115149 
0.058086 0.068335 
0.061482 0.081122 
0.061532 0.127877 
0.061581 0.174350 
0.061630 0.220437 
0.061679 0.266037 
0.061729 0.311049 
0.061778 0.355373 
0.061827 0.398912 
0.061876 0.441570 
0.061926 0.483251 
0.061975 0.523865 
0.062025 0.563320 
0.062074 0.601530 
0.062123 0.638411 
0.062173 0.673881 
0.062222 0.707862 
0.062272 0.740278 
0.062321 0.771058 
0.062371 0.800134 
0.062420 0.827441 
0.062470 0.852919 
0.062519 0.876513 
0.062569 0.898169 
0.062619 0.917839 
0.062668 0.935482 
0.062718 0.951057 
0.062768 0.964529 
0.062817 0.975870 
0.062867 0.985054 
0.062917 0.992061 
0.062967 0.996875 
0.063016 0.999486 
0.063066 0.999888 
0.063116 0.998080 
0.063166 0.994066 
0.063216 0.987855 
0.063265 0.979460 
0.063315 0.968901 
0.063365 0.956201 
0.063415 0.941386 
0.063465 0.924492 
0.063515 0.905554 
0.063565 0.884614 
0.063615 0.861720 
0.063665 0.836920 
0.063715 0.810271 
0.063765 0.781832 
0.063815 0.751664 
0.063865 0.719835 
0.063915 0.686414 
0.063966 0.651477 
0.064016 0.615100 
0.064066 0.577363 
0.064116 0.538351 
0.064166 0.498148 
0.064216 0.456844 
0.064267 0.414531 
0.064317 0.371302 
0.064367 0.327252 
0.064418 0.282478 
0.064468 0.237080 
0.064518 0.191159 
0.064569 0.144814 
0.064619 0.098150 
0.068244 0.098150 
0.068296 0.144814 
0.068348 0.191159 
0.068399 0.237080 
0.068451 0.282478 
0.068503 0.327252 
0.068555 0.371302 
0.068607 0.414531 
0.068659 0.456844 
0.068710 0.498148 
0.068762 0.538351 
0.068814 0.577363 
0.068866 0.615100 
0.068918 0.651477 
0.068970 0.686414 
0.069022 0.719835 
0.069074 0.751664 
0.069126 0.781832 
0.069178 0.810271 
0.069230 0.836920 
0.069282 0.861720 
0.069335 0.884614 
0.069387 0.905554 
0.069439 0.924492 
0.069491 0.941386 
0.069543 0.956201 
0.069596 0.968901 
0.069648 0.979460 
0.069700 0.987855 
0.069752 0.994066 
0.069805 0.998080 
0.069857 0.999888 
0.069909 0.999486 
0.069961 0.996875 
0.070014 0.992061 
0.070066 0.985054 
0.070119 0.975870 
0.070171 0.964529 
0.070224 0.951057 
0.070276 0.935482 
0.070328 0.917839 
0.070381 0.898169 
0.070433 0.876513 
0.070486 0.852919 
0.070539 0.827441 
0.070591 0.800134 
0.070644 0.771058 
0.070696 0.740278 
0.070749 0.707862 
0.070802 0.673881 
0.070854 0.638411 
0.070907 0.601530 
0.070960 0.563320 
0.071012 0.523865 
0.071065 0.483251 
0.071118 0.441570 
0.071171 0.398912 
0.071223 0.355373 
0.071276 0.311049 
0.071329 0.266037 
0.071382 0.220437 
0.071435 0.174350 
0.071488 0.127877 
0.071541 0.081122 
0.075345 0.115149 
0.075400 0.161709 
0.075454 0.207912 
0.075508 0.253655 
0.075563 0.298837 
0.075617 0.343359 
0.075671 0.387122 
0.075726 0.430029 
0.075780 0.471986 
0.075834 0.512899 
0.075889 0.552679 
0.075943 0.591238 
0.075998 0.628490 
0.076052 0.664352 
0.076107 0.698747 
0.076161 0.731597 
0.076216 0.762830 
0.076270 0.792377 
0.076325 0.820172 
0.076380 0.846155 
0.076434 0.870268 
0.076489 0.892457 
0.076544 0.912674 
0.076598 0.930874 
0.076653 0.947016 
0.076708 0.961065 
0.076762 0.972990 
0.076817 0.982765 
0.076872 0.990367 
0.076927 0.995780 
0.076982 0.998993 
0.077036 0.999998 
0.077091 0.998792 
0.077146 0.995379 
0.077201 0.989766 
0.077256 0.981965 
0.077311 0.971995 
0.077366 0.959875 
0.077421 0.945634 
0.077476 0.929304 
0.077531 0.910919 
0.077586 0.890521 
0.077641 0.868155 
0.077696 0.843870 
0.077751 0.817719 
0.077806 0.789762 
0.077861 0.760059 
0.077916 0.728676 
0.077971 0.695683 
0.078026 0.661152 
0.078082 0.625159 
0.078137 0.587785 
0.078192 0.549112 
0.078247 0.509225 
0.078303 0.468213 
0.078358 0.426166 
0.078413 0.383177 
0.078468 0.339341 
0.078524 0.294755 
0.078579 0.249518 
0.078635 0.203729 
0.078690 0.157490 
0.078745 0.110903 
0.082727 0.085381 
0.082784 0.132115 
0.082841 0.178557 
0.082897 0.224604 
0.082954 0.270155 
0.083011 0.315108 
0.083068 0.359365 
0.083125 0.402828 
0.083182 0.445401 
0.083238 0.486989 
0.083295 0.527501 
0.083352 0.566846 
0.083409 0.604940 
0.083466 0.641696 
0.083523 0.677033 
0.083580 0.710875 
0.083637 0.743145 
0.083694 0.773773 
0.083751 0.802690 
0.083808 0.829833 
0.083866 0.855143 
0.083923 0.878562 
0.083980 0.900040 
0.084037 0.919528 
0.084094 0.936984 
0.084151 0.952369 
0.084209 0.965649 
0.084266 0.976794 
0.084323 0.985781 
0.084380 0.992589 
0.084438 0.997204 
0.084495 0.999614 
0.084552 0.999815 
0.084610 0.997806 
0.084667 0.993592 
0.084724 0.987182 
0.084782 0.978590 
0.084839 0.967835 
0.084897 0.954941 
0.084954 0.939936 
0.085012 0.922854 
0.085069 0.903732 
0.085127 0.882613 
0.085184 0.859543 
0.085242 0.834573 
0.085299 0.807759 
0.085357 0.779159 
0.085414 0.748838 
0.085472 0.716861 
0.085530 0.683300 
0.085587 0.648228 
0.085645 0.611724 
0.085703 0.573868 
0.085760 0.534744 
0.085818 0.494437 
0.085876 0.453038 
0.085934 0.410638 
0.085992 0.367330 
0.086049 0.323210 
0.086107 0.278375 
0.086165 0.232926 
0.086223 0.186961 
0.086281 0.140584 
0.086339 0.093896 
0.090497 0.102403 
0.090556 0.149042 
0.090616 0.195352 
0.090675 0.241231 
0.090734 0.286576 
0.090794 0.331287 
0.090853 0.375267 
0.090912 0.418417 
0.090972 0.460642 
0.091031 0.501850 
0.091090 0.541948 
0.091150 0.580848 
0.091209 0.618464 
0.091269 0.654714 
0.091328 0.689516 
0.091388 0.722795 
0.091447 0.754476 
0.091507 0.784489 
0.091566 0.812769 
0.091626 0.839252 
0.091685 0.863880 
0.091745 0.886599 
0.091805 0.907359 
0.091864 0.926113 
0.091924 0.942820 
0.091984 0.957443 
0.092043 0.969950 
0.092103 0.980313 
0.092163 0.988510 
0.092223 0.994522 
0.092282 0.998336 
0.092342 0.999943 
0.092402 0.999340 
0.092462 0.996529 
0.092522 0.991514 
0.092581 0.984309 
0.092641 0.974928 
0.092701 0.963392 
0.092761 0.949727 
0.092821 0.933963 
0.092881 0.916134 
0.092941 0.896281 
0.093001 0.874447 
0.093061 0.850680 
0.093121 0.825033 
0.093181 0.797562 
0.093241 0.768329 
0.093301 0.737398 
0.093361 0.704836 
0.093421 0.670717 
0.093482 0.635116 
0.093542 0.598111 
0.093602 0.559783 
0.093662 0.520219 
0.093722 0.479505 
0.093783 0.437731 
0.093843 0.394989 
0.093903 0.351375 
0.093963 0.306984 
0.094024 0.261914 
0.094084 0.216266 
0.094144 0.170139 
0.094205 0.123637 
0.098599 0.119394 
0.098661 0.165926 
0.098722 0.212091 
0.098784 0.257787 
0.098846 0.302913 
0.098908 0.347370 
0.098969 0.391059 
0.099031 0.433884 
0.099093 0.475750 
0.099155 0.516564 
0.099217 0.556236 
0.099279 0.594680 
0.099340 0.631808 
0.099402 0.667541 
0.099464 0.701798 
0.099526 0.734504 
0.099588 0.765586 
0.099650 0.794977 
0.099712 0.822610 
0.099774 0.848425 
0.099836 0.872365 
0.099898 0.894377 
0.099960 0.914413 
0.100023 0.932427 
0.100085 0.948380 
0.100147 0.962237 
0.100209 0.973968 
0.100271 0.983546 
0.100333 0.990950 
0.100396 0.996164 
0.100458 0.999176 
0.100520 0.999979 
0.100582 0.998573 
0.100645 0.994960 
0.100707 0.989147 
0.100769 0.981148 
0.100832 0.970981 
0.100894 0.958668 
0.100956 0.944236 
0.101019 0.927717 
0.101081 0.909147 
0.101143 0.888568 
0.101206 0.866025 
0.101268 0.841569 
0.101331 0.815252 
0.101393 0.787133 
0.101456 0.757274 
0.101518 0.725742 
0.101581 0.692606 
0.101644 0.657939 
0.101706 0.621817 
0.101769 0.584322 
0.101831 0.545535 
0.101894 0.505542 
0.101957 0.464432 
0.102019 0.422295 
0.102082 0.379225 
0.102145 0.335317 
0.102208 0.290668 
0.102270 0.245376 
0.102333 0.199542 
0.102396 0.153267 
0.102459 0.106654 
0.107029 0.136351 
0.107093 0.182761 
0.107157 0.228767 
0.107222 0.274268 
0.107286 0.319162 
0.107350 0.363351 
0.107414 0.406737 
0.107478 0.449224 
0.107543 0.490718 
0.107607 0.531127 
0.107671 0.570363 
0.107736 0.608337 
0.107800 0.644968 
0.107864 0.680173 
0.107929 0.713874 
0.107993 0.745998 
0.108057 0.776473 
0.108122 0.805232 
0.108186 0.832211 
0.108251 0.857351 
0.108315 0.880596 
0.108380 0.901894 
0.108444 0.921199 
0.108509 0.938468 
0.108573 0.953663 
0.108638 0.966751 
0.108703 0.977701 
0.108767 0.986491 
0.108832 0.993100 
0.108896 0.997514 
0.108961 0.999724 
0.109026 0.999724 
0.109091 0.997514 
0.109155 0.993100 
0.109220 0.986491 
0.109285 0.977701 
0.109349 0.966751 
0.109414 0.953663 
0.109479 0.938468 
0.109544 0.921199 
0.109609 0.901894 
0.109674 0.880596 
0.109739 0.857351 
0.109803 0.832211 
0.109868 0.805232 
0.109933 0.776473 
0.109998 0.745998 
0.110063 0.713874 
0.110128 0.680173 
0.110193 0.644968 
0.110258 0.608337 
0.110323 0.570363 
0.110388 0.531127 
0.110453 0.490718 
0.110519 0.449224 
0.110584 0.406737 
0.110649 0.363351 
0.110714 0.319162 
0.110779 0.274268 
0.110844 0.228767 
0.110909 0.182761 
0.110975 0.136351 
0.115785 0.153267 
0.115851 0.199542 
0.115918 0.245376 
0.115984 0.290668 
0.116051 0.335317 
0.116118 0.379225 
0.116184 0.422295 
0.116251 0.464432 
0.116318 0.505542 
0.116384 0.545535 
0.116451 0.584322 
0.116518 0.621817 
0.116585 0.657939 
0.116651 0.692606 
0.116718 0.725742 
0.116785 0.757274 
0.116852 0.787133 
0.116919 0.815252 
0.116985 0.841569 
0.117052 0.866025 
0.117119 0.888568 
0.117186 0.909147 
0.117253 0.927717 
0.117320 0.944236 
0.117387 0.958668 
0.117454 0.970981 
0.117521 0.981148 
0.117588 0.989147 
0.117655 0.994960 
0.117722 0.998573 
0.117789 0.999979 
0.117856 0.999176 
0.117923 0.996164 
0.117991 0.990950 
0.118058 0.983546 
0.118125 0.973968 
0.118192 0.962237 
0.118259 0.948380 
0.118327 0.932427 
0.118394 0.914413 
0.118461 0.894377 
0.118528 0.872365 
0.118596 0.848425 
0.118663 0.822610 
0.118730 0.794977 
0.118798 0.765586 
0.118865 0.734504 
0.118932 0.701798 
0.119000 0.667541 
0.119067 0.631808 
0.119135 0.594680 
0.119202 0.556236 
0.119269 0.516564 
0.119337 0.475750 
0.119404 0.433884 
0.119472 0.391059 
0.119540 0.347370 
0.119607 0.302913 
0.119675 0.257787 
0.119742 0.212091 
0.119810 0.165926 
0.124863 0.170139 
0.124932 0.216266 
0.125001 0.261914 
0.125070 0.306984 
0.125139 0.351375 
0.125208 0.394989 
0.125277 0.437731 
0.125346 0.479505 
0.125415 0.520219 
0.125484 0.559783 
0.125553 0.598111 
0.125622 0.635116 
0.125691 0.670717 
0.125760 0.704836 
0.125830 0.737398 
0.125899 0.768329 
0.125968 0.797562 
0.126037 0.825033 
0.126107 0.850680 
0.126176 0.874447 
0.126245 0.896281 
0.126314 0.916134 
0.126384 0.933963 
0.126453 0.949727 
0.126522 0.963392 
0.126592 0.974928 
0.126661 0.984309 
0.126731 0.991514 
0.126800 0.996529 
0.126869 0.999340 
0.126939 0.999943 
0.127008 0.998336 
0.127078 0.994522 
0.127147 0.988510 
0.127217 0.980313 
0.127287 0.969950 
0.127356 0.957443 
0.127426 0.942820 
0.127495 0.926113 
0.127565 0.907359 
0.127635 0.886599 
0.127704 0.863880 
0.127774 0.839252 
0.127844 0.812769 
0.127913 0.784489 
0.127983 0.754476 
0.128053 0.722795 
0.128123 0.689516 
0.128192 0.654714 
0.128262 0.618464 
0.128332 0.580848 
0.128402 0.541948 
0.128472 0.501850 
0.128542 0.460642 
0.128611 0.418417 
0.128681 0.375267 
0.128751 0.331287 
0.128821 0.286576 
0.128891 0.241231 
0.128961 0.195352 
0.129031 0.149042 
0.134188 0.140584 
0.134260 0.186961 
0.134331 0.232926 
0.134402 0.278375 
0.134474 0.323210 
0.134545 0.367330 
0.134616 0.410638 
0.134688 0.453038 
0.134759 0.494437 
0.134831 0.534744 
0.134902 0.573868 
0.134974 0.611724 
0.135045 0.648228 
0.135117 0.683300 
0.135188 0.716861 
0.135260 0.748838 
0.135331 0.779159 
0.135403 0.807759 
0.135474 0.834573 
0.135546 0.859543 
0.135618 0.882613 
0.135689 0.903732 
0.135761 0.922854 
0.135833 0.939936 
0.135904 0.954941 
0.135976 0.967835 
0.136048 0.978590 
0.136120 0.987182 
0.136191 0.993592 
0.136263 0.997806 
0.136335 0.999815 
0.136407 0.999614 
0.136479 0.997204 
0.136551 0.992589 
0.136622 0.985781 
0.136694 0.976794 
0.136766 0.965649 
0.136838 0.952369 
0.136910 0.936984 
0.136982 0.919528 
0.137054 0.900040 
0.137126 0.878562 
0.137198 0.855143 
0.137270 0.829833 
0.137342 0.802690 
0.137414 0.773773 
0.137486 0.743145 
0.137558 0.710875 
0.137631 0.677033 
0.137703 0.641696 
0.137775 0.604940 
0.137847 0.566846 
0.137919 0.527501 
0.137991 0.486989 
0.138064 0.445401 
0.138136 0.402828 
0.138208 0.359365 
0.138280 0.315108 
0.138353 0.270155 
0.138425 0.224604 
0.138497 0.178557 
0.143899 0.157490 
0.143972 0.203729 
0.144046 0.249518 
0.144120 0.294755 
0.144193 0.339341 
0.144267 0.383177 
0.144341 0.426166 
0.144414 0.468213 
0.144488 0.509225 
0.144562 0.549112 
0.144636 0.587785 
0.144710 0.625159 
0.144783 0.661152 
0.144857 0.695683 
0.144931 0.728676 
0.145005 0.760059 
0.145079 0.789762 
0.145153 0.817719 
0.145227 0.843870 
0.145301 0.868155 
0.145375 0.890521 
0.145449 0.910919 
0.145523 0.929304 
0.145597 0.945634 
0.145671 0.959875 
0.145745 0.971995 
0.145819 0.981965 
0.145893 0.989766 
0.145967 0.995379 
0.146041 0.998792 
0.146115 0.999998 
0.146190 0.998993 
0.146264 0.995780 
0.146338 0.990367 
0.146412 0.982765 
0.146486 0.972990 
0.146561 0.961065 
0.146635 0.947016 
0.146709 0.930874 
0.146783 0.912674 
0.146858 0.892457 
0.146932 0.870268 
0.147006 0.846155 
0.147081 0.820172 
0.147155 0.792377 
0.147230 0.762830 
0.147304 0.731597 
0.147378 0.698747 
0.147453 0.664352 
0.147527 0.628490 
0.147602 0.591238 
0.147676 0.552679 
0.147751 0.512899 
0.147825 0.471986 
0.147900 0.430029 
0.147975 0.387122 
0.148049 0.343359 
0.148124 0.298837 
0.148198 0.253655 
0.148273 0.207912 
0.148348 0.161709 
0.153921 0.174350 
0.153997 0.220437 
0.154073 0.266037 
0.154149 0.311049 
0.154225 0.355373 
0.154301 0.398912 
0.154377 0.441570 
0.154453 0.483251 
0.154529 0.523865 
0.154605 0.563320 
0.154681 0.601530 
0.154757 0.638411 
0.154833 0.673881 
0.154909 0.707862 
0.154986 0.740278 
0.155062 0.771058 
0.155138 0.800134 
0.155214 0.827441 
0.155291 0.852919 
0.155367 0.876513 
0.155443 0.898169 
0.155519 0.917839 
0.155596 0.935482 
0.155672 0.951057 
0.155748 0.964529 
0.155825 0.975870 
0.155901 0.985054 
0.155978 0.992061 
0.156054 0.996875 
0.156130 0.999486 
0.156207 0.999888 
0.156283 0.998080 
0.156360 0.994066 
0.156436 0.987855 
0.156513 0.979460 
0.156589 0.968901 
0.156666 0.956201 
0.156743 0.941386 
0.156819 0.924492 
0.156896 0.905554 
0.156972 0.884614 
0.157049 0.861720 
0.157126 0.836920 
0.157202 0.810271 
0.157279 0.781832 
0.157356 0.751664 
0.157432 0.719835 
0.157509 0.686414 
0.157586 0.651477 
0.157663 0.615100 
0.157740 0.577363 
0.157816 0.538351 
0.157893 0.498148 
0.157970 0.456844 
0.158047 0.414531 
0.158124 0.371302 
0.158201 0.327252 
0.158278 0.282478 
0.158355 0.237080 
0.158431 0.191159 
0.164251 0.191159 
0.164330 0.237080 
0.164408 0.282478 
0.164486 0.327252 
0.164564 0.371302 
0.164643 0.414531 
0.164721 0.456844 
0.164799 0.498148 
0.164878 0.538351 
0.164956 0.577363 
0.165035 0.615100 
0.165113 0.651477 
0.165191 0.686414 
0.165270 0.719835 
0.165348 0.751664 
0.165427 0.781832 
0.165505 0.810271 
0.165584 0.836920 
0.165662 0.861720 
0.165741 0.884614 
0.165819 0.905554 
0.165898 0.924492 
0.165977 0.941386 
0.166055 0.956201 
0.166134 0.968901 
0.166212 0.979460 
0.166291 0.987855 
0.166370 0.994066 
0.166449 0.998080 
0.166527 0.999888 
0.166606 0.999486 
0.166685 0.996875 
0.166764 0.992061 
0.166842 0.985054 
0.166921 0.975870 
0.167000 0.964529 
0.167079 0.951057 
0.167158 0.935482 
0.167237 0.917839 
0.167315 0.898169 
0.167394 0.876513 
0.167473 0.852919 
0.167552 0.827441 
0.167631 0.800134 
0.167710 0.771058 
0.167789 0.740278 
0.167868 0.707862 
0.167947 0.673881 
0.168026 0.638411 
0.168105 0.601530 
0.168184 0.563320 
0.168263 0.523865 
0.168342 0.483251 
0.168422 0.441570 
0.168501 0.398912 
0.168580 0.355373 
0.168659 0.311049 
0.168738 0.266037 
0.168817 0.220437 
0.168897 0.174350 
0.174887 0.207912 
0.174967 0.253655 
0.175048 0.298837 
0.175128 0.343359 
0.175209 0.387122 
0.175289 0.430029 
0.175370 0.471986 
0.175450 0.512899 
0.175531 0.552679 
0.175612 0.591238 
0.175692 0.628490 
0.175773 0.664352 
0.175854 0.698747 
0.175934 0.731597 
0.176015 0.762830 
0.176096 0.792377 
0.176177 0.820172 
0.176257 0.846155 
0.176338 0.870268 
0.176419 0.892457 
0.176500 0.912674 
0.176581 0.930874 
0.176661 0.947016 
0.176742 0.961065 
0.176823 0.972990 
0.176904 0.982765 
0.176985 0.990367 
0.177066 0.995780 
0.177147 0.998993 
0.177228 0.999998 
0.177309 0.998792 
0.177390 0.995379 
0.177471 0.989766 
0.177552 0.981965 
0.177633 0.971995 
0.177714 0.959875 
0.177795 0.945634 
0.177876 0.929304 
0.177957 0.910919 
0.178038 0.890521 
0.178120 0.868155 
0.178201 0.843870 
0.178282 0.817719 
0.178363 0.789762 
0.178444 0.760059 
0.178526 0.728676 
0.178607 0.695683 
0.178688 0.661152 
0.178769 0.625159 
0.178851 0.587785 
0.178932 0.549112 
0.179013 0.509225 
0.179095 0.468213 
0.179176 0.426166 
0.179258 0.383177 
0.179339 0.339341 
0.179420 0.294755 
0.179502 0.249518 
0.179583 0.203729 
0.185822 0.224604 
0.185905 0.270155 
0.185988 0.315108 
0.186071 0.359365 
0.186153 0.402828 
0.186236 0.445401 
0.186319 0.486989 
0.186402 0.527501 
0.186485 0.566846 
0.186568 0.604940 
0.186651 0.641696 
0.186733 0.677033 
0.186816 0.710875 
0.186899 0.743145 
0.186982 0.773773 
0.187065 0.802690 
0.187148 0.829833 
0.187231 0.855143 
0.187314 0.878562 
0.187397 0.900040 
0.187480 0.919528 
0.187563 0.936984 
0.187646 0.952369 
0.187729 0.965649 
0.187813 0.976794 
0.187896 0.985781 
0.187979 0.992589 
0.188062 0.997204 
0.188145 0.999614 
0.188228 0.999815 
0.188312 0.997806 
0.188395 0.993592 
0.188478 0.987182 
0.188561 0.978590 
0.188645 0.967835 
0.188728 0.954941 
0.188811 0.939936 
0.188895 0.922854 
0.188978 0.903732 
0.189061 0.882613 
0.189145 0.859543 
0.189228 0.834573 
0.189311 0.807759 
0.189395 0.779159 
0.189478 0.748838 
0.189562 0.716861 
0.189645 0.683300 
0.189729 0.648228 
0.189812 0.611724 
0.189896 0.573868 
0.189979 0.534744 
0.190063 0.494437 
0.190146 0.453038 
0.190230 0.410638 
0.190314 0.367330 
0.190397 0.323210 
0.190481 0.278375 
0.190565 0.232926 
0.197055 0.241231 
0.197140 0.286576 
0.197225 0.331287 
0.197310 0.375267 
0.197395 0.418417 
0.197480 0.460642 
0.197565 0.501850 
0.197650 0.541948 
0.197735 0.580848 
0.197820 0.618464 
0.197905 0.654714 
0.197990 0.689516 
0.198075 0.722795 
0.198161 0.754476 
0.198246 0.784489 
0.198331 0.812769 
0.198416 0.839252 
0.198501 0.863880 
0.198586 0.886599 
0.198672 0.907359 
0.198757 0.926113 
0.198842 0.942820 
0.198927 0.957443 
0.199013 0.969950 
0.199098 0.980313 
0.199183 0.988510 
0.199269 0.994522 
0.199354 0.998336 
0.199439 0.999943 
0.199525 0.999340 
0.199610 0.996529 
0.199696 0.991514 
0.199781 0.984309 
0.199866 0.974928 
0.199952 0.963392 
0.200037 0.949727 
0.200123 0.933963 
0.200208 0.916134 
0.200294 0.896281 
0.200379 0.874447 
0.200465 0.850680 
0.200551 0.825033 
0.200636 0.797562 
0.200722 0.768329 
0.200808 0.737398 
0.200893 0.704836 
0.200979 0.670717 
0.201064 0.635116 
0.201150 0.598111 
0.201236 0.559783 
0.201322 0.520219 
0.201407 0.479505 
0.201493 0.437731 
0.201579 0.394989 
0.201665 0.351375 
0.201751 0.306984 
0.201836 0.261914 
0.201922 0.216266 
0.208493 0.212091 
0.208580 0.257787 
0.208668 0.302913 
0.208755 0.347370 
0.208842 0.391059 
0.208929 0.433884 
0.209016 0.475750 
0.209103 0.516564 
0.209190 0.556236 
0.209278 0.594680 
0.209365 0.631808 
0.209452 0.667541 
0.209539 0.701798 
0.209627 0.734504 
0.209714 0.765586 
0.209801 0.794977 
0.209889 0.822610 
0.209976 0.848425 
0.210063 0.872365 
0.210151 0.894377 
0.210238 0.914413 
0.210326 0.932427 
0.210413 0.948380 
0.210500 0.962237 
0.210588 0.973968 
0.210675 0.983546 
0.210763 0.990950 
0.210850 0.996164 
0.210938 0.999176 
0.211025 0.999979 
0.211113 0.998573 
0.211200 0.994960 
0.211288 0.989147 
0.211376 0.981148 
0.211463 0.970981 
0.211551 0.958668 
0.211639 0.944236 
0.211726 0.927717 
0.211814 0.909147 
0.211902 0.888568 
0.211989 0.866025 
0.212077 0.841569 
0.212165 0.815252 
0.212252 0.787133 
0.212340 0.757274 
0.212428 0.725742 
0.212516 0.692606 
0.212604 0.657939 
0.212691 0.621817 
0.212779 0.584322 
0.212867 0.545535 
0.212955 0.505542 
0.213043 0.464432 
0.213131 0.422295 
0.213219 0.379225 
0.213307 0.335317 
0.213395 0.290668 
0.213483 0.245376 
0.220305 0.228767 
0.220394 0.274268 
0.220484 0.319162 
0.220573 0.363351 
0.220662 0.406737 
0.220751 0.449224 
0.220841 0.490718 
0.220930 0.531127 
0.221019 0.570363 
0.221109 0.608337 
0.221198 0.644968 
0.221287 0.680173 
0.221377 0.713874 
0.221466 0.745998 
0.221556 0.776473 
0.221645 0.805232 
0.221734 0.832211 
0.221824 0.857351 
0.221913 0.880596 
0.222003 0.901894 
0.222092 0.921199 
0.222182 0.938468 
0.222272 0.953663 
0.222361 0.966751 
0.222451 0.977701 
0.222540 0.986491 
0.222630 0.993100 
0.222720 0.997514 
0.222809 0.999724 
0.222899 0.999724 
0.222989 0.997514 
0.223078 0.993100 
0.223168 0.986491 
0.223258 0.977701 
0.223347 0.966751 
0.223437 0.953663 
0.223527 0.938468 
0.223617 0.921199 
0.223707 0.901894 
0.223796 0.880596 
0.223886 0.857351 
0.223976 0.832211 
0.224066 0.805232 
0.224156 0.776473 
0.224246 0.745998 
0.224336 0.713874 
0.224426 0.680173 
0.224515 0.644968 
0.224605 0.608337 
0.224695 0.570363 
0.224785 0.531127 
0.224875 0.490718 
0.224965 0.449224 
0.225056 0.406737 
0.225146 0.363351 
0.225236 0.319162 
0.225326 0.274268 
0.225416 0.228767 
0.232401 0.245376 
0.232492 0.290668 
0.232584 0.335317 
0.232675 0.379225 
0.232766 0.422295 
0.232858 0.464432 
0.232949 0.505542 
0.233041 0.545535 
0.233132 0.584322 
0.233223 0.621817 
0.233315 0.657939 
0.233406 0.692606 
0.233498 0.725742 
0.233589 0.757274 
0.233681 0.787133 
0.233772 0.815252 
0.233864 0.841569 
0.233956 0.866025 
0.234047 0.888568 
0.234139 0.909147 
0.234230 0.927717 
0.234322 0.944236 
0.234414 0.958668 
0.234505 0.970981 
0.234597 0.981148 
0.234689 0.989147 
0.234780 0.994960 
0.234872 0.998573 
0.234964 0.999979 
0.235056 0.999176 
0.235147 0.996164 
0.235239 0.990950 
0.235331 0.983546 
0.235423 0.973968 
0.235515 0.962237 
0.235607 0.948380 
0.235698 0.932427 
0.235790 0.914413 
0.235882 0.894377 
0.235974 0.872365 
0.236066 0.848425 
0.236158 0.822610 
0.236250 0.794977 
0.236342 0.765586 
0.236434 0.734504 
0.236526 0.701798 
0.236618 0.667541 
0.236710 0.631808 
0.236802 0.594680 
0.236894 0.556236 
0.236986 0.516564 
0.237078 0.475750 
0.237170 0.433884 
0.237263 0.391059 
0.237355 0.347370 
0.237447 0.302913 
0.237539 0.257787 
0.244777 0.261914 
0.244870 0.306984 
0.244963 0.351375 
0.245057 0.394989 
0.245150 0.437731 
0.245244 0.479505 
0.245337 0.520219 
0.245431 0.559783 
0.245524 0.598111 
0.245618 0.635116 
0.245711 0.670717 
0.245805 0.704836 
0.245898 0.737398 
0.245992 0.768329 
0.246085 0.797562 
0.246179 0.825033 
0.246273 0.850680 
0.246366 0.874447 
0.246460 0.896281 
0.246554 0.916134 
0.246647 0.933963 
0.246741 0.949727 
0.246835 0.963392 
0.246929 0.974928 
0.247022 0.984309 
0.247116 0.991514 
0.247210 0.996529 
0.247304 0.999340 
0.247397 0.999943 
0.247491 0.998336 
0.247585 0.994522 
0.247679 0.988510 
0.247773 0.980313 
0.247867 0.969950 
0.247961 0.957443 
0.248055 0.942820 
0.248148 0.926113 
0.248242 0.907359 
0.248336 0.886599 
0.248430 0.863880 
0.248524 0.839252 
0.248618 0.812769 
0.248712 0.784489 
0.248806 0.754476 
0.248900 0.722795 
0.248995 0.689516 
0.249089 0.654714 
0.249183 0.618464 
0.249277 0.580848 
0.249371 0.541948 
0.249465 0.501850 
0.249559 0.460642 
0.249653 0.418417 
0.249748 0.375267 
0.249842 0.331287 
0.249936 0.286576 
0.257427 0.278375 
0.257523 0.323210 
0.257618 0.367330 
0.257714 0.410638 
0.257809 0.453038 
0.257905 0.494437 
0.258000 0.534744 
0.258096 0.573868 
0.258191 0.611724 
0.258287 0.648228 
0.258382 0.683300 
0.258478 0.716861 
0.258574 0.748838 
0.258669 0.779159 
0.258765 0.807759 
0.258861 0.834573 
0.258956 0.859543 
0.259052 0.882613 
0.259148 0.903732 
0.259243 0.922854 
0.259339 0.939936 
0.259435 0.954941 
0.259530 0.967835 
0.259626 0.978590 
0.259722 0.987182 
0.259818 0.993592 
0.259914 0.997806 
0.260009 0.999815 
0.260105 0.999614 
0.260201 0.997204 
0.260297 0.992589 
0.260393 0.985781 
0.260489 0.976794 
0.260585 0.965649 
0.260681 0.952369 
0.260777 0.936984 
0.260873 0.919528 
0.260969 0.900040 
0.261064 0.878562 
0.261160 0.855143 
0.261257 0.829833 
0.261353 0.802690 
0.261449 0.773773 
0.261545 0.743145 
0.261641 0.710875 
0.261737 0.677033 
0.261833 0.641696 
0.261929 0.604940 
0.262025 0.566846 
0.262121 0.527501 
0.262218 0.486989 
0.262314 0.445401 
0.262410 0.402828 
0.262506 0.359365 
0.262602 0.315108 
0.262699 0.270155 
0.270349 0.294755 
0.270446 0.339341 
0.270544 0.383177 
0.270641 0.426166 
0.270739 0.468213 
0.270836 0.509225 
0.270934 0.549112 
0.271031 0.587785 
0.271129 0.625159 
0.271226 0.661152 
0.271324 0.695683 
0.271422 0.728676 
0.271519 0.760059 
0.271617 0.789762 
0.271714 0.817719 
0.271812 0.843870 
0.271910 0.868155 
0.272007 0.890521 
0.272105 0.910919 
0.272203 0.929304 
0.272301 0.945634 
0.272398 0.959875 
0.272496 0.971995 
0.272594 0.981965 
0.272692 0.989766 
0.272789 0.995379 
0.272887 0.998792 
0.272985 0.999998 
0.273083 0.998993 
0.273181 0.995780 
0.273279 0.990367 
0.273376 0.982765 
0.273474 0.972990 
0.273572 0.961065 
0.273670 0.947016 
0.273768 0.930874 
0.273866 0.912674 
0.273964 0.892457 
0.274062 0.870268 
0.274160 0.846155 
0.274258 0.820172 
0.274356 0.792377 
0.274454 0.762830 
0.274552 0.731597 
0.274650 0.698747 
0.274748 0.664352 
0.274846 0.628490 
0.274944 0.591238 
0.275043 0.552679 
0.275141 0.512899 
0.275239 0.471986 
0.275337 0.430029 
0.275435 0.387122 
0.275533 0.343359 
0.275632 0.298837 
0.283536 0.311049 
0.283636 0.355373 
0.283735 0.398912 
0.283835 0.441570 
0.283934 0.483251 
0.284034 0.523865 
0.284133 0.563320 
0.284233 0.601530 
0.284332 0.638411 
0.284432 0.673881 
0.284531 0.707862 
0.284631 0.740278 
0.284730 0.771058 
0.284830 0.800134 
0.284929 0.827441 
0.285029 0.852919 
0.285129 0.876513 
0.285228 0.898169 
0.285328 0.917839 
0.285428 0.935482 
0.285527 0.951057 
0.285627 0.964529 
0.285727 0.975870 
0.285826 0.985054 
0.285926 0.992061 
0.286026 0.996875 
0.286126 0.999486 
0.286225 0.999888 
0.286325 0.998080 
0.286425 0.994066 
0.286525 0.987855 
0.286625 0.979460 
0.286725 0.968901 
0.286824 0.956201 
0.286924 0.941386 
0.287024 0.924492 
0.287124 0.905554 
0.287224 0.884614 
0.287324 0.861720 
0.287424 0.836920 
0.287524 0.810271 
0.287624 0.781832 
0.287724 0.751664 
0.287824 0.719835 
0.287924 0.686414 
0.288024 0.651477 
0.288124 0.615100 
0.288224 0.577363 
0.288324 0.538351 
0.288424 0.498148 
0.288524 0.456844 
0.288625 0.414531 
0.288725 0.371302 
0.288825 0.327252 
0.296985 0.327252 
0.297086 0.371302 
0.297188 0.414531 
0.297289 0.456844 
0.297391 0.498148 
0.297492 0.538351 
0.297593 0.577363 
0.297695 0.615100 
0.297796 0.651477 
0.297898 0.686414 
0.297999 0.719835 
0.298101 0.751664 
0.298202 0.781832 
0.298304 0.810271 
0.298405 0.836920 
0.298507 0.861720 
0.298608 0.884614 
0.298710 0.905554 
0.298811 0.924492 
0.298913 0.941386 
0.299015 0.956201 
0.299116 0.968901 
0.299218 0.979460 
0.299319 0.987855 
0.299421 0.994066 
0.299523 0.998080 
0.299624 0.999888 
0.299726 0.999486 
0.299828 0.996875 
0.299930 0.992061 
0.300031 0.985054 
0.300133 0.975870 
0.300235 0.964529 
0.300337 0.951057 
0.300438 0.935482 
0.300540 0.917839 
0.300642 0.898169 
0.300744 0.876513 
0.300846 0.852919 
0.300948 0.827441 
0.301050 0.800134 
0.301151 0.771058 
0.301253 0.740278 
0.301355 0.707862 
0.301457 0.673881 
0.301559 0.638411 
0.301661 0.601530 
0.301763 0.563320 
0.301865 0.523865 
0.301967 0.483251 
0.302069 0.441570 
0.302171 0.398912 
0.302273 0.355373 
0.302375 0.311049 
0.310690 0.343359 
0.310793 0.387122 
0.310897 0.430029 
0.311000 0.471986 
0.311103 0.512899 
0.311206 0.552679 
0.311310 0.591238 
0.311413 0.628490 
0.311516 0.664352 
0.311620 0.698747 
0.311723 0.731597 
0.311826 0.762830 
0.311930 0.792377 
0.312033 0.820172 
0.312136 0.846155 
0.312240 0.870268 
0.312343 0.892457 
0.312447 0.912674 
0.312550 0.930874 
0.312654 0.947016 
0.312757 0.961065 
0.312861 0.972990 
0.312964 0.982765 
0.313068 0.990367 
0.313171 0.995780 
0.313275 0.998993 
0.313378 0.999998 
0.313482 0.998792 
0.313586 0.995379 
0.313689 0.989766 
0.313793 0.981965 
0.313897 0.971995 
0.314000 0.959875 
0.314104 0.945634 
0.314208 0.929304 
0.314311 0.910919 
0.314415 0.890521 
0.314519 0.868155 
0.314622 0.843870 
0.314726 0.817719 
0.314830 0.789762 
0.314934 0.760059 
0.315038 0.728676 
0.315141 0.695683 
0.315245 0.661152 
0.315349 0.625159 
0.315453 0.587785 
0.315557 0.549112 
0.315661 0.509225 
0.315765 0.468213 
0.315868 0.426166 
0.315972 0.383177 
0.316076 0.339341 
0.324646 0.359365 
0.324751 0.402828 
0.324856 0.445401 
0.324961 0.486989 
0.325067 0.527501 
0.325172 0.566846 
0.325277 0.604940 
0.325382 0.641696 
0.325487 0.677033 
0.325592 0.710875 
0.325698 0.743145 
0.325803 0.773773 
0.325908 0.802690 
0.326013 0.829833 
0.326119 0.855143 
0.326224 0.878562 
0.326329 0.900040 
0.326434 0.919528 
0.326540 0.936984 
0.326645 0.952369 
0.326750 0.965649 
0.326856 0.976794 
0.326961 0.985781 
0.327067 0.992589 
0.327172 0.997204 
0.327277 0.999614 
0.327383 0.999815 
0.327488 0.997806 
0.327594 0.993592 
0.327699 0.987182 
0.327805 0.978590 
0.327910 0.967835 
0.328016 0.954941 
0.328121 0.939936 
0.328227 0.922854 
0.328332 0.903732 
0.328438 0.882613 
0.328543 0.859543 
0.328649 0.834573 
0.328754 0.807759 
0.328860 0.779159 
0.328966 0.748838 
0.329071 0.716861 
0.329177 0.683300 
0.329283 0.648228 
0.329388 0.611724 
0.329494 0.573868 
0.329600 0.534744 
0.329706 0.494437 
0.329811 0.453038 
0.329917 0.410638 
0.330023 0.367330 
0.338848 0.375267 
0.338955 0.418417 
0.339062 0.460642 
0.339169 0.501850 
0.339276 0.541948 
0.339383 0.580848 
0.339490 0.618464 
0.339597 0.654714 
0.339704 0.689516 
0.339811 0.722795 
0.339918 0.754476 
0.340025 0.784489 
0.340132 0.812769 
0.340239 0.839252 
0.340346 0.863880 
0.340453 0.886599 
0.340560 0.907359 
0.340668 0.926113 
0.340775 0.942820 
0.340882 0.957443 
0.340989 0.969950 
0.341096 0.980313 
0.341203 0.988510 
0.341311 0.994522 
0.341418 0.998336 
0.341525 0.999943 
0.341632 0.999340 
0.341739 0.996529 
0.341847 0.991514 
0.341954 0.984309 
0.342061 0.974928 
0.342169 0.963392 
0.342276 0.949727 
0.342383 0.933963 
0.342491 0.916134 
0.342598 0.896281 
0.342705 0.874447 
0.342813 0.850680 
0.342920 0.825033 
0.343027 0.797562 
0.343135 0.768329 
0.343242 0.737398 
0.343350 0.704836 
0.343457 0.670717 
0.343565 0.635116 
0.343672 0.598111 
0.343780 0.559783 
0.343887 0.520219 
0.343995 0.479505 
0.344102 0.437731 
0.344210 0.394989 
0.344317 0.351375 
0.353292 0.391059 
0.353400 0.433884 
0.353509 0.475750 
0.353618 0.516564 
0.353727 0.556236 
0.353835 0.594680 
0.353944 0.631808 
0.354053 0.667541 
0.354162 0.701798 
0.354270 0.734504 
0.354379 0.765586 
0.354488 0.794977 
0.354597 0.822610 
0.354706 0.848425 
0.354814 0.872365 
0.354923 0.894377 
0.355032 0.914413 
0.355141 0.932427 
0.355250 0.948380 
0.355359 0.962237 
0.355468 0.973968 
0.355577 0.983546 
0.355686 0.990950 
0.355795 0.996164 
0.355904 0.999176 
0.356013 0.999979 
0.356122 0.998573 
0.356231 0.994960 
0.356340 0.989147 
0.356449 0.981148 
0.356558 0.970981 
0.356667 0.958668 
0.356776 0.944236 
0.356885 0.927717 
0.356994 0.909147 
0.357103 0.888568 
0.357212 0.866025 
0.357322 0.841569 
0.357431 0.815252 
0.357540 0.787133 
0.357649 0.757274 
0.357758 0.725742 
0.357867 0.692606 
0.357977 0.657939 
0.358086 0.621817 
0.358195 0.584322 
0.358304 0.545535 
0.358414 0.505542 
0.358523 0.464432 
0.358632 0.422295 
0.358742 0.379225 
0.367971 0.406737 
0.368081 0.449224 
0.368192 0.490718 
0.368302 0.531127 
0.368412 0.570363 
0.368523 0.608337 
0.368633 0.644968 
0.368744 0.680173 
0.368854 0.713874 
0.368965 0.745998 
0.369075 0.776473 
0.369186 0.805232 
0.369297 0.832211 
0.369407 0.857351 
0.369518 0.880596 
0.369628 0.901894 
0.369739 0.921199 
0.369850 0.938468 
0.369960 0.953663 
0.370071 0.966751 
0.370182 0.977701 
0.370292 0.986491 
0.370403 0.993100 
0.370514 0.997514 
0.370624 0.999724 
0.370735 0.999724 
0.370846 0.997514 
0.370956 0.993100 
0.371067 0.986491 
0.371178 0.977701 
0.371289 0.966751 
0.371400 0.953663 
0.371510 0.938468 
0.371621 0.921199 
0.371732 0.901894 
0.371843 0.880596 
0.371954 0.857351 
0.372065 0.832211 
0.372176 0.805232 
0.372286 0.776473 
0.372397 0.745998 
0.372508 0.713874 
0.372619 0.680173 
0.372730 0.644968 
0.372841 0.608337 
0.372952 0.570363 
0.373063 0.531127 
0.373174 0.490718 
0.373285 0.449224 
0.373396 0.406737 
0.382880 0.422295 
0.382992 0.464432 
0.383104 0.505542 
0.383216 0.545535 
0.383329 0.584322 
0.383441 0.621817 
0.383553 0.657939 
0.383665 0.692606 
0.383777 0.725742 
0.383890 0.757274 
0.384002 0.787133 
0.384114 0.815252 
0.384226 0.841569 
0.384338 0.866025 
0.384451 0.888568 
0.384563 0.909147 
0.384675 0.927717 
0.384788 0.944236 
0.384900 0.958668 
0.385012 0.970981 
0.385125 0.981148 
0.385237 0.989147 
0.385350 0.994960 
0.385462 0.998573 
0.385574 0.999979 
0.385687 0.999176 
0.385799 0.996164 
0.385912 0.990950 
0.386024 0.983546 
0.386136 0.973968 
0.386249 0.962237 
0.386361 0.948380 
0.386474 0.932427 
0.386586 0.914413 
0.386699 0.894377 
0.386812 0.872365 
0.386924 0.848425 
0.387037 0.822610 
0.387149 0.794977 
0.387262 0.765586 
0.387374 0.734504 
0.387487 0.701798 
0.387600 0.667541 
0.387712 0.631808 
0.387825 0.594680 
0.387938 0.556236 
0.388050 0.516564 
0.388163 0.475750 
0.388276 0.433884 
0.388388 0.391059 
0.398014 0.437731 
0.398128 0.479505 
0.398242 0.520219 
0.398356 0.559783 
0.398470 0.598111 
0.398583 0.635116 
0.398697 0.670717 
0.398811 0.704836 
0.398925 0.737398 
0.399039 0.768329 
0.399153 0.797562 
0.399266 0.825033 
0.399380 0.850680 
0.399494 0.874447 
0.399608 0.896281 
0.399722 0.916134 
0.399836 0.933963 
0.399950 0.949727 
0.400064 0.963392 
0.400178 0.974928 
0.400292 0.984309 
0.400406 0.991514 
0.400520 0.996529 
0.400634 0.999340 
0.400748 0.999943 
0.400862 0.998336 
0.400976 0.994522 
0.401091 0.988510 
0.401205 0.980313 
0.401319 0.969950 
0.401433 0.957443 
0.401547 0.942820 
0.401661 0.926113 
0.401775 0.907359 
0.401889 0.886599 
0.402004 0.863880 
0.402118 0.839252 
0.402232 0.812769 
0.402346 0.784489 
0.402461 0.754476 
0.402575 0.722795 
0.402689 0.689516 
0.402803 0.654714 
0.402918 0.618464 
0.403032 0.580848 
0.403146 0.541948 
0.403261 0.501850 
0.403375 0.460642 
0.403489 0.418417 
0.413368 0.453038 
0.413483 0.494437 
0.413599 0.534744 
0.413714 0.573868 
0.413830 0.611724 
0.413945 0.648228 
0.414061 0.683300 
0.414176 0.716861 
0.414291 0.748838 
0.414407 0.779159 
0.414522 0.807759 
0.414638 0.834573 
0.414753 0.859543 
0.414869 0.882613 
0.414985 0.903732 
0.415100 0.922854 
0.415216 0.939936 
0.415331 0.954941 
0.415447 0.967835 
0.415562 0.978590 
0.415678 0.987182 
0.415794 0.993592 
0.415909 0.997806 
0.416025 0.999815 
0.416141 0.999614 
0.416256 0.997204 
0.416372 0.992589 
0.416488 0.985781 
0.416603 0.976794 
0.416719 0.965649 
0.416835 0.952369 
0.416951 0.936984 
0.417066 0.919528 
0.417182 0.900040 
0.417298 0.878562 
0.417414 0.855143 
0.417530 0.829833 
0.417645 0.802690 
0.417761 0.773773 
0.417877 0.743145 
0.417993 0.710875 
0.418109 0.677033 
0.418225 0.641696 
0.418341 0.604940 
0.418456 0.566846 
0.418572 0.527501 
0.418688 0.486989 
0.418804 0.445401 
0.428936 0.468213 
0.429052 0.509225 
0.429169 0.549112 
0.429286 0.587785 
0.429403 0.625159 
0.429520 0.661152 
0.429637 0.695683 
0.429754 0.728676 
0.429872 0.760059 
0.429989 0.789762 
0.430106 0.817719 
0.430223 0.843870 
0.430340 0.868155 
0.430457 0.890521 
0.430574 0.910919 
0.430691 0.929304 
0.430808 0.945634 
0.430925 0.959875 
0.431043 0.971995 
0.431160 0.981965 
0.431277 0.989766 
0.431394 0.995379 
0.431511 0.998792 
0.431629 0.999998 
0.431746 0.998993 
0.431863 0.995780 
0.431980 0.990367 
0.432098 0.982765 
0.432215 0.972990 
0.432332 0.961065 
0.432449 0.947016 
0.432567 0.930874 
0.432684 0.912674 
0.432801 0.892457 
0.432919 0.870268 
0.433036 0.846155 
0.433154 0.820172 
0.433271 0.792377 
0.433388 0.762830 
0.433506 0.731597 
0.433623 0.698747 
0.433741 0.664352 
0.433858 0.628490 
0.433975 0.591238 
0.434093 0.552679 
0.434210 0.512899 
0.434328 0.471986 
0.444711 0.483251 
0.444830 0.523865 
0.444948 0.563320 
0.445067 0.601530 
0.445185 0.638411 
0.445304 0.673881 
0.445422 0.707862 
0.445541 0.740278 
0.445659 0.771058 
0.445778 0.800134 
0.445897 0.827441 
0.446015 0.852919 
0.446134 0.876513 
0.446252 0.898169 
0.446371 0.917839 
0.446490 0.935482 
0.446608 0.951057 
0.446727 0.964529 
0.446846 0.975870 
0.446965 0.985054 
0.447083 0.992061 
0.447202 0.996875 
0.447321 0.999486 
0.447439 0.999888 
0.447558 0.998080 
0.447677 0.994066 
0.447796 0.987855 
0.447915 0.979460 
0.448033 0.968901 
0.448152 0.956201 
0.448271 0.941386 
0.448390 0.924492 
0.448509 0.905554 
0.448627 0.884614 
0.448746 0.861720 
0.448865 0.836920 
0.448984 0.810271 
0.449103 0.781832 
0.449222 0.751664 
0.449341 0.719835 
0.449460 0.686414 
0.449579 0.651477 
0.449698 0.615100 
0.449817 0.577363 
0.449936 0.538351 
0.450055 0.498148 
0.450174 0.456844 
0.460689 0.498148 
0.460809 0.538351 
0.460929 0.577363 
0.461049 0.615100 
0.461169 0.651477 
0.461289 0.686414 
0.461409 0.719835 
0.461529 0.751664 
0.461649 0.781832 
0.461769 0.810271 
0.461890 0.836920 
0.462010 0.861720 
0.462130 0.884614 
0.462250 0.905554 
0.462370 0.924492 
0.462490 0.941386 
0.462610 0.956201 
0.462730 0.968901 
0.462851 0.979460 
0.462971 0.987855 
0.463091 0.994066 
0.463211 0.998080 
0.463331 0.999888 
0.463452 0.999486 
0.463572 0.996875 
0.463692 0.992061 
0.463812 0.985054 
0.463933 0.975870 
0.464053 0.964529 
0.464173 0.951057 
0.464293 0.935482 
0.464414 0.917839 
0.464534 0.898169 
0.464655 0.876513 
0.464775 0.852919 
0.464895 0.827441 
0.465016 0.800134 
0.465136 0.771058 
0.465256 0.740278 
0.465377 0.707862 
0.465497 0.673881 
0.465618 0.638411 
0.465738 0.601530 
0.465858 0.563320 
0.465979 0.523865 
0.466099 0.483251 
0.476864 0.512899 
0.476985 0.552679 
0.477107 0.591238 
0.477228 0.628490 
0.477350 0.664352 
0.477471 0.698747 
0.477593 0.731597 
0.477714 0.762830 
0.477836 0.792377 
0.477957 0.820172 
0.478079 0.846155 
0.478200 0.870268 
0.478322 0.892457 
0.478443 0.912674 
0.478565 0.930874 
0.478686 0.947016 
0.478808 0.961065 
0.478930 0.972990 
0.479051 0.982765 
0.479173 0.990367 
0.479294 0.995780 
0.479416 0.998993 
0.479538 0.999998 
0.479659 0.998792 
0.479781 0.995379 
0.479903 0.989766 
0.480024 0.981965 
0.480146 0.971995 
0.480268 0.959875 
0.480390 0.945634 
0.480511 0.929304 
0.480633 0.910919 
0.480755 0.890521 
0.480877 0.868155 
0.480998 0.843870 
0.481120 0.817719 
0.481242 0.789762 
0.481364 0.760059 
0.481486 0.728676 
0.481607 0.695683 
0.481729 0.661152 
0.481851 0.625159 
0.481973 0.587785 
0.482095 0.549112 
0.482217 0.509225 
0.493229 0.527501 
0.493352 0.566846 
0.493475 0.604940 
0.493598 0.641696 
0.493720 0.677033 
0.493843 0.710875 
0.493966 0.743145 
0.494089 0.773773 
0.494212 0.802690 
0.494335 0.829833 
0.494458 0.855143 
0.494581 0.878562 
0.494704 0.900040 
0.494827 0.919528 
0.494950 0.936984 
0.495073 0.952369 
0.495196 0.965649 
0.495319 0.976794 
0.495442 0.985781 
0.495565 0.992589 
0.495688 0.997204 
0.495811 0.999614 
0.495934 0.999815 
0.496057 0.997806 
0.496180 0.993592 
0.496303 0.987182 
0.496426 0.978590 
0.496549 0.967835 
0.496672 0.954941 
0.496795 0.939936 
0.496918 0.922854 
0.497042 0.903732 
0.497165 0.882613 
0.497288 0.859543 
0.497411 0.834573 
0.497534 0.807759 
0.497657 0.779159 
0.497781 0.748838 
0.497904 0.716861 
0.498027 0.683300 
0.498150 0.648228 
0.498274 0.611724 
0.498397 0.573868 
0.498520 0.534744 
0.509779 0.541948 
0.509903 0.580848 
0.510027 0.618464 
0.510152 0.654714 
0.510276 0.689516 
0.510400 0.722795 
0.510524 0.754476 
0.510649 0.784489 
0.510773 0.812769 
0.510897 0.839252 
0.511021 0.863880 
0.511146 0.886599 
0.511270 0.907359 
0.511394 0.926113 
0.511519 0.942820 
0.511643 0.957443 
0.511767 0.969950 
0.511892 0.980313 
0.512016 0.988510 
0.512140 0.994522 
0.512265 0.998336 
0.512389 0.999943 
0.512513 0.999340 
0.512638 0.996529 
0.512762 0.991514 
0.512887 0.984309 
0.513011 0.974928 
0.513136 0.963392 
0.513260 0.949727 
0.513385 0.933963 
0.513509 0.916134 
0.513633 0.896281 
0.513758 0.874447 
0.513882 0.850680 
0.514007 0.825033 
0.514132 0.797562 
0.514256 0.768329 
0.514381 0.737398 
0.514505 0.704836 
0.514630 0.670717 
0.514754 0.635116 
0.514879 0.598111 
0.515003 0.559783 
0.515128 0.520219 
0.526508 0.556236 
0.526633 0.594680 
0.526759 0.631808 
0.526884 0.667541 
0.527010 0.701798 
0.527135 0.734504 
0.527261 0.765586 
0.527386 0.794977 
0.527512 0.822610 
0.527638 0.848425 
0.527763 0.872365 
0.527889 0.894377 
0.528014 0.914413 
0.528140 0.932427 
0.528266 0.948380 
0.528391 0.962237 
0.528517 0.973968 
0.528643 0.983546 
0.528768 0.990950 
0.528894 0.996164 
0.529020 0.999176 
0.529145 0.999979 
0.529271 0.998573 
0.529397 0.994960 
0.529522 0.989147 
0.529648 0.981148 
0.529774 0.970981 
0.529900 0.958668 
0.530025 0.944236 
0.530151 0.927717 
0.530277 0.909147 
0.530403 0.888568 
0.530528 0.866025 
0.530654 0.841569 
0.530780 0.815252 
0.530906 0.787133 
0.531032 0.757274 
0.531158 0.725742 
0.531283 0.692606 
0.531409 0.657939 
0.531535 0.621817 
0.531661 0.584322 
0.531787 0.545535 
0.543409 0.570363 
0.543536 0.608337 
0.543663 0.644968 
0.543789 0.680173 
0.543916 0.713874 
0.544043 0.745998 
0.544170 0.776473 
0.544297 0.805232 
0.544423 0.832211 
0.544550 0.857351 
0.544677 0.880596 
0.544804 0.901894 
0.544931 0.921199 
0.545058 0.938468 
0.545185 0.953663 
0.545311 0.966751 
0.545438 0.977701 
0.545565 0.986491 
0.545692 0.993100 
0.545819 0.997514 
0.545946 0.999724 
0.546073 0.999724 
0.546200 0.997514 
0.546327 0.993100 
0.546454 0.986491 
0.546581 0.977701 
0.546708 0.966751 
0.546835 0.953663 
0.546962 0.938468 
0.547089 0.921199 
0.547216 0.901894 
0.547343 0.880596 
0.547470 0.857351 
0.547597 0.832211 
0.547724 0.805232 
0.547851 0.776473 
0.547978 0.745998 
0.548105 0.713874 
0.548232 0.680173 
0.548360 0.644968 
0.548487 0.608337 
0.548614 0.570363 
0.560477 0.584322 
0.560605 0.621817 
0.560733 0.657939 
0.560861 0.692606 
0.560989 0.725742 
0.561117 0.757274 
0.561245 0.787133 
0.561373 0.815252 
0.561501 0.841569 
0.561629 0.866025 
0.561757 0.888568 
0.561885 0.909147 
0.562013 0.927717 
0.562141 0.944236 
0.562269 0.958668 
0.562397 0.970981 
0.562525 0.981148 
0.562654 0.989147 
0.562782 0.994960 
0.562910 0.998573 
0.563038 0.999979 
0.563166 0.999176 
0.563294 0.996164 
0.563423 0.990950 
0.563551 0.983546 
0.563679 0.973968 
0.563807 0.962237 
0.563935 0.948380 
0.564064 0.932427 
0.564192 0.914413 
0.564320 0.894377 
0.564448 0.872365 
0.564577 0.848425 
0.564705 0.822610 
0.564833 0.794977 
0.564961 0.765586 
0.565090 0.734504 
0.565218 0.701798 
0.565346 0.667541 
0.565475 0.631808 
0.565603 0.594680 
0.577705 0.598111 
0.577834 0.635116 
0.577963 0.670717 
0.578092 0.704836 
0.578221 0.737398 
0.578350 0.768329 
0.578480 0.797562 
0.578609 0.825033 
0.578738 0.850680 
0.578867 0.874447 
0.578997 0.896281 
0.579126 0.916134 
0.579255 0.933963 
0.579384 0.949727 
0.579513 0.963392 
0.579643 0.974928 
0.579772 0.984309 
0.579901 0.991514 
0.580031 0.996529 
0.580160 0.999340 
0.580289 0.999943 
0.580419 0.998336 
0.580548 0.994522 
0.580677 0.988510 
0.580807 0.980313 
0.580936 0.969950 
0.581065 0.957443 
0.581195 0.942820 
0.581324 0.926113 
0.581453 0.907359 
0.581583 0.886599 
0.581712 0.863880 
0.581842 0.839252 
0.581971 0.812769 
0.582101 0.784489 
0.582230 0.754476 
0.582359 0.722795 
0.582489 0.689516 
0.582618 0.654714 
0.582748 0.618464 
0.595086 0.611724 
0.595217 0.648228 
0.595347 0.683300 
0.595477 0.716861 
0.595608 0.748838 
0.595738 0.779159 
0.595868 0.807759 
0.595998 0.834573 
0.596129 0.859543 
0.596259 0.882613 
0.596390 0.903732 
0.596520 0.922854 
0.596650 0.939936 
0.596781 0.954941 
0.596911 0.967835 
0.597041 0.978590 
0.597172 0.987182 
0.597302 0.993592 
0.597433 0.997806 
0.597563 0.999815 
0.597694 0.999614 
0.597824 0.997204 
0.597954 0.992589 
0.598085 0.985781 
0.598215 0.976794 
0.598346 0.965649 
0.598476 0.952369 
0.598607 0.936984 
0.598737 0.919528 
0.598868 0.900040 
0.598998 0.878562 
0.599129 0.855143 
0.599259 0.829833 
0.599390 0.802690 
0.599520 0.773773 
0.599651 0.743145 
0.599782 0.710875 
0.599912 0.677033 
0.600043 0.641696 
0.600173 0.604940 
0.612616 0.625159 
0.612747 0.661152 
0.612878 0.695683 
0.613010 0.728676 
0.613141 0.760059 
0.613273 0.789762 
0.613404 0.817719 
0.613535 0.843870 
0.613667 0.868155 
0.613798 0.890521 
0.613930 0.910919 
0.614061 0.929304 
0.614193 0.945634 
0.614324 0.959875 
0.614455 0.971995 
0.614587 0.981965 
0.614718 0.989766 
0.614850 0.995379 
0.614981 0.998792 
0.615113 0.999998 
0.615244 0.998993 
0.615376 0.995780 
0.615507 0.990367 
0.615639 0.982765 
0.615770 0.972990 
0.615902 0.961065 
0.616034 0.947016 
0.616165 0.930874 
0.616297 0.912674 
0.616428 0.892457 
0.616560 0.870268 
0.616691 0.846155 
0.616823 0.820172 
0.616955 0.792377 
0.617086 0.762830 
0.617218 0.731597 
0.617349 0.698747 
0.617481 0.664352 
0.617613 0.628490 
0.630286 0.638411 
0.630419 0.673881 
0.630551 0.707862 
0.630684 0.740278 
0.630816 0.771058 
0.630948 0.800134 
0.631081 0.827441 
0.631213 0.852919 
0.631346 0.876513 
0.631478 0.898169 
0.631611 0.917839 
0.631743 0.935482 
0.631875 0.951057 
0.632008 0.964529 
0.632140 0.975870 
0.632273 0.985054 
0.632405 0.992061 
0.632538 0.996875 
0.632670 0.999486 
0.632803 0.999888 
0.632935 0.998080 
0.633068 0.994066 
0.633201 0.987855 
0.633333 0.979460 
0.633466 0.968901 
0.633598 0.956201 
0.633731 0.941386 
0.633863 0.924492 
0.633996 0.905554 
0.634129 0.884614 
0.634261 0.861720 
0.634394 0.836920 
0.634526 0.810271 
0.634659 0.781832 
0.634792 0.751664 
0.634924 0.719835 
0.635057 0.686414 
0.635190 0.651477 
0.648092 0.651477 
0.648225 0.686414 
0.648358 0.719835 
0.648492 0.751664 
0.648625 0.781832 
0.648759 0.810271 
0.648892 0.836920 
0.649025 0.861720 
0.649159 0.884614 
0.649292 0.905554 
0.649426 0.924492 
0.649559 0.941386 
0.649693 0.956201 
0.649826 0.968901 
0.649959 0.979460 
0.650093 0.987855 
0.650226 0.994066 
0.650360 0.998080 
0.650493 0.999888 
0.650627 0.999486 
0.650760 0.996875 
0.650894 0.992061 
0.651027 0.985054 
0.651161 0.975870 
0.651294 0.964529 
0.651428 0.951057 
0.651561 0.935482 
0.651695 0.917839 
0.651829 0.898169 
0.651962 0.876513 
0.652096 0.852919 
0.652229 0.827441 
0.652363 0.800134 
0.652496 0.771058 
0.652630 0.740278 
0.652764 0.707862 
0.652897 0.673881 
0.666160 0.698747 
0.666294 0.731597 
0.666428 0.762830 
0.666562 0.792377 
0.666697 0.820172 
0.666831 0.846155 
0.666965 0.870268 
0.667100 0.892457 
0.667234 0.912674 
0.667369 0.930874 
0.667503 0.947016 
0.667637 0.961065 
0.667772 0.972990 
0.667906 0.982765 
0.668040 0.990367 
0.668175 0.995780 
0.668309 0.998993 
0.668444 0.999998 
0.668578 0.998792 
0.668713 0.995379 
0.668847 0.989766 
0.668981 0.981965 
0.669116 0.971995 
0.669250 0.959875 
0.669385 0.945634 
0.669519 0.929304 
0.669654 0.910919 
0.669788 0.890521 
0.669923 0.868155 
0.670057 0.843870 
0.670192 0.817719 
0.670326 0.789762 
0.670461 0.760059 
0.670595 0.728676 
0.670730 0.695683 
0.684216 0.710875 
0.684351 0.743145 
0.684486 0.773773 
0.684621 0.802690 
0.684757 0.829833 
0.684892 0.855143 
0.685027 0.878562 
0.685162 0.900040 
0.685297 0.919528 
0.685433 0.936984 
0.685568 0.952369 
0.685703 0.965649 
0.685838 0.976794 
0.685974 0.985781 
0.686109 0.992589 
0.686244 0.997204 
0.686380 0.999614 
0.686515 0.999815 
0.686650 0.997806 
0.686785 0.993592 
0.686921 0.987182 
0.687056 0.978590 
0.687191 0.967835 
0.687327 0.954941 
0.687462 0.939936 
0.687597 0.922854 
0.687733 0.903732 
0.687868 0.882613 
0.688003 0.859543 
0.688139 0.834573 
0.688274 0.807759 
0.688410 0.779159 
0.688545 0.748838 
0.688680 0.716861 
0.702387 0.722795 
0.702523 0.754476 
0.702659 0.784489 
0.702795 0.812769 
0.702931 0.839252 
0.703067 0.863880 
0.703203 0.886599 
0.703339 0.907359 
0.703475 0.926113 
0.703611 0.942820 
0.703748 0.957443 
0.703884 0.969950 
0.704020 0.980313 
0.704156 0.988510 
0.704292 0.994522 
0.704428 0.998336 
0.704564 0.999943 
0.704700 0.999340 
0.704836 0.996529 
0.704973 0.991514 
0.705109 0.984309 
0.705245 0.974928 
0.705381 0.963392 
0.705517 0.949727 
0.705653 0.933963 
0.705789 0.916134 
0.705926 0.896281 
0.706062 0.874447 
0.706198 0.850680 
0.706334 0.825033 
0.706470 0.797562 
0.706607 0.768329 
0.706743 0.737398 
0.720667 0.734504 
0.720804 0.765586 
0.720940 0.794977 
0.721077 0.822610 
0.721214 0.848425 
0.721351 0.872365 
0.721488 0.894377 
0.721625 0.914413 
0.721761 0.932427 
0.721898 0.948380 
0.722035 0.962237 
0.722172 0.973968 
0.722309 0.983546 
0.722446 0.990950 
0.722583 0.996164 
0.722720 0.999176 
0.722856 0.999979 
0.722993 0.998573 
0.723130 0.994960 
0.723267 0.989147 
0.723404 0.981148 
0.723541 0.970981 
0.723678 0.958668 
0.723815 0.944236 
0.723952 0.927717 
0.724089 0.909147 
0.724226 0.888568 
0.724363 0.866025 
0.724500 0.841569 
0.724637 0.815252 
0.724774 0.787133 
0.724911 0.757274 
0.725047 0.725742 
0.739048 0.745998 
0.739186 0.776473 
0.739324 0.805232 
0.739461 0.832211 
0.739599 0.857351 
0.739736 0.880596 
0.739874 0.901894 
0.740011 0.921199 
0.740149 0.938468 
0.740287 0.953663 
0.740424 0.966751 
0.740562 0.977701 
0.740699 0.986491 
0.740837 0.993100 
0.740975 0.997514 
0.741112 0.999724 
0.741250 0.999724 
0.741387 0.997514 
0.741525 0.993100 
0.741663 0.986491 
0.741800 0.977701 
0.741938 0.966751 
0.742076 0.953663 
0.742213 0.938468 
0.742351 0.921199 
0.742489 0.901894 
0.742626 0.880596 
0.742764 0.857351 
0.742902 0.832211 
0.743039 0.805232 
0.743177 0.776473 
0.743315 0.745998 
0.757663 0.787133 
0.757802 0.815252 
0.757940 0.841569 
0.758078 0.866025 
0.758216 0.888568 
0.758355 0.909147 
0.758493 0.927717 
0.758631 0.944236 
0.758769 0.958668 
0.758908 0.970981 
0.759046 0.981148 
0.759184 0.989147 
0.759322 0.994960 
0.759461 0.998573 
0.759599 0.999979 
0.759737 0.999176 
0.759876 0.996164 
0.760014 0.990950 
0.760152 0.983546 
0.760291 0.973968 
0.760429 0.962237 
0.760567 0.948380 
0.760706 0.932427 
0.760844 0.914413 
0.760982 0.894377 
0.761121 0.872365 
0.761259 0.848425 
0.761397 0.822610 
0.761536 0.794977 
0.761674 0.765586 
0.776229 0.797562 
0.776368 0.825033 
0.776507 0.850680 
0.776646 0.874447 
0.776785 0.896281 
0.776923 0.916134 
0.777062 0.933963 
0.777201 0.949727 
0.777340 0.963392 
0.777479 0.974928 
0.777618 0.984309 
0.777757 0.991514 
0.777896 0.996529 
0.778035 0.999340 
0.778174 0.999943 
0.778313 0.998336 
0.778452 0.994522 
0.778590 0.988510 
0.778729 0.980313 
0.778868 0.969950 
0.779007 0.957443 
0.779146 0.942820 
0.779285 0.926113 
0.779424 0.907359 
0.779563 0.886599 
0.779702 0.863880 
0.779841 0.839252 
0.779980 0.812769 
0.780119 0.784489 
0.794876 0.807759 
0.795016 0.834573 
0.795155 0.859543 
0.795295 0.882613 
0.795434 0.903732 
0.795574 0.922854 
0.795713 0.939936 
0.795853 0.954941 
0.795992 0.967835 
0.796132 0.978590 
0.796271 0.987182 
0.796411 0.993592 
0.796550 0.997806 
0.796690 0.999815 
0.796829 0.999614 
0.796969 0.997204 
0.797108 0.992589 
0.797248 0.985781 
0.797387 0.976794 
0.797527 0.965649 
0.797666 0.952369 
0.797806 0.936984 
0.797945 0.919528 
0.798085 0.900040 
0.798224 0.878562 
0.798364 0.855143 
0.798503 0.829833 
0.798643 0.802690 
0.813598 0.817719 
0.813738 0.843870 
0.813878 0.868155 
0.814018 0.890521 
0.814158 0.910919 
0.814298 0.929304 
0.814438 0.945634 
0.814578 0.959875 
0.814718 0.971995 
0.814858 0.981965 
0.814998 0.989766 
0.815138 0.995379 
0.815278 0.998792 
0.815418 0.999998 
0.815559 0.998993 
0.815699 0.995780 
0.815839 0.990367 
0.815979 0.982765 
0.816119 0.972990 
0.816259 0.961065 
0.816399 0.947016 
0.816539 0.930874 
0.816679 0.912674 
0.816819 0.892457 
0.816959 0.870268 
0.817099 0.846155 
0.817239 0.820172 
0.832529 0.852919 
0.832669 0.876513 
0.832810 0.898169 
0.832950 0.917839 
0.833091 0.935482 
0.833231 0.951057 
0.833372 0.964529 
0.833512 0.975870 
0.833653 0.985054 
0.833793 0.992061 
0.833934 0.996875 
0.834074 0.999486 
0.834215 0.999888 
0.834355 0.998080 
0.834496 0.994066 
0.834636 0.987855 
0.834777 0.979460 
0.834917 0.968901 
0.835058 0.956201 
0.835198 0.941386 
0.835339 0.924492 
0.835479 0.905554 
0.835620 0.884614 
0.835760 0.861720 
0.835901 0.836920 
0.851380 0.861720 
0.851521 0.884614 
0.851662 0.905554 
0.851803 0.924492 
0.851944 0.941386 
0.852085 0.956201 
0.852226 0.968901 
0.852367 0.979460 
0.852508 0.987855 
0.852649 0.994066 
0.852789 0.998080 
0.852930 0.999888 
0.853071 0.999486 
0.853212 0.996875 
0.853353 0.992061 
0.853494 0.985054 
0.853635 0.975870 
0.853776 0.964529 
0.853917 0.951057 
0.854058 0.935482 
0.854199 0.917839 
0.854340 0.898169 
0.854481 0.876513 
0.870427 0.892457 
0.870569 0.912674 
0.870710 0.930874 
0.870851 0.947016 
0.870992 0.961065 
0.871134 0.972990 
0.871275 0.982765 
0.871416 0.990367 
0.871558 0.995780 
0.871699 0.998993 
0.871840 0.999998 
0.871982 0.998792 
0.872123 0.995379 
0.872264 0.989766 
0.872405 0.981965 
0.872547 0.971995 
0.872688 0.959875 
0.872829 0.945634 
0.872971 0.929304 
0.873112 0.910919 
0.873253 0.890521 
0.889381 0.900040 
0.889522 0.919528 
0.889664 0.936984 
0.889805 0.952369 
0.889947 0.965649 
0.890089 0.976794 
0.890230 0.985781 
0.890372 0.992589 
0.890514 0.997204 
0.890655 0.999614 
0.890797 0.999815 
0.890938 0.997806 
0.891080 0.993592 
0.891222 0.987182 
0.891363 0.978590 
0.891505 0.967835 
0.891647 0.954941 
0.891788 0.939936 
0.891930 0.922854 
0.892071 0.903732 
0.908516 0.926113 
0.908658 0.942820 
0.908800 0.957443 
0.908942 0.969950 
0.909084 0.980313 
0.909226 0.988510 
0.909367 0.994522 
0.909509 0.998336 
0.909651 0.999943 
0.909793 0.999340 
0.909935 0.996529 
0.910077 0.991514 
0.910219 0.984309 
0.910361 0.974928 
0.910503 0.963392 
0.910645 0.949727 
0.910786 0.933963 
0.910928 0.916134 
0.927543 0.932427 
0.927685 0.948380 
0.927828 0.962237 
0.927970 0.973968 
0.928112 0.983546 
0.928254 0.990950 
0.928396 0.996164 
0.928538 0.999176 
0.928680 0.999979 
0.928822 0.998573 
0.928964 0.994960 
0.929107 0.989147 
0.929249 0.981148 
0.929391 0.970981 
0.929533 0.958668 
0.929675 0.944236 
0.946739 0.953663 
0.946882 0.966751 
0.947024 0.977701 
0.947166 0.986491 
0.947308 0.993100 
0.947451 0.997514 
0.947593 0.999724 
0.947735 0.999724 
0.947877 0.997514 
0.948020 0.993100 
0.948162 0.986491 
0.948304 0.977701 
0.948447 0.966751 
0.948589 0.953663 
0.965955 0.970981 
0.966097 0.981148 
0.966240 0.989147 
0.966382 0.994960 
0.966524 0.998573 
0.966667 0.999979 
0.966809 0.999176 
0.966952 0.996164 
0.967094 0.990950 
0.967236 0.983546 
0.967379 0.973968 
0.985326 0.991514 
0.985468 0.996529 
0.985610 0.999340 
0.985753 0.999943 
0.985895 0.998336 
0.986038 0.994522 
0.986180 0.988510 
[chuck]: cleaning up...
